phc2sys[4941630.963]: enp1s0 sys offset -37000330168 s0 freq      -0 delay   1733
phc2sys[4941631.963]: enp1s0 sys offset -37000331411 s1 freq   -1243 delay   2493
phc2sys[4941632.964]: enp1s0 sys offset     -7127 s2 freq   -8370 delay   2551
phc2sys[4941633.964]: enp1s0 sys offset       472 s2 freq   -2909 delay   2541
phc2sys[4941634.964]: enp1s0 sys offset      2619 s2 freq    -620 delay   2542
phc2sys[4941635.964]: enp1s0 sys offset      2375 s2 freq     -78 delay   2878
phc2sys[4941636.964]: enp1s0 sys offset      2275 s2 freq    +534 delay   1697
phc2sys[4941637.965]: enp1s0 sys offset       953 s2 freq    -105 delay   1711
phc2sys[4941638.965]: enp1s0 sys offset       -93 s2 freq    -866 delay   2544
phc2sys[4941639.965]: enp1s0 sys offset        13 s2 freq    -787 delay   2517
phc2sys[4941640.965]: enp1s0 sys offset       112 s2 freq    -685 delay   2524
phc2sys[4941641.965]: enp1s0 sys offset       523 s2 freq    -240 delay   1694
phc2sys[4941642.966]: enp1s0 sys offset        61 s2 freq    -545 delay   1715
phc2sys[4941643.966]: enp1s0 sys offset      -128 s2 freq    -716 delay   1708
phc2sys[4941644.966]: enp1s0 sys offset      -591 s2 freq   -1217 delay   2631
phc2sys[4941645.966]: enp1s0 sys offset       423 s2 freq    -380 delay   1759
phc2sys[4941646.966]: enp1s0 sys offset      -389 s2 freq   -1066 delay   2501
phc2sys[4941647.967]: enp1s0 sys offset         4 s2 freq    -789 delay   2547
phc2sys[4941648.967]: enp1s0 sys offset       111 s2 freq    -681 delay   2567
phc2sys[4941649.967]: enp1s0 sys offset       113 s2 freq    -646 delay   2543
phc2sys[4941650.967]: enp1s0 sys offset       523 s2 freq    -202 delay   1711
phc2sys[4941651.967]: enp1s0 sys offset        69 s2 freq    -499 delay   1737
phc2sys[4941652.967]: enp1s0 sys offset      -555 s2 freq   -1102 delay   2549
phc2sys[4941653.968]: enp1s0 sys offset      -135 s2 freq    -849 delay   2523
phc2sys[4941654.968]: enp1s0 sys offset       -30 s2 freq    -784 delay   2892
phc2sys[4941655.968]: enp1s0 sys offset       656 s2 freq    -107 delay   1680
phc2sys[4941656.968]: enp1s0 sys offset       130 s2 freq    -436 delay   1740
phc2sys[4941657.968]: enp1s0 sys offset       -65 s2 freq    -592 delay   1682
phc2sys[4941658.969]: enp1s0 sys offset      -569 s2 freq   -1116 delay   2525
phc2sys[4941659.969]: enp1s0 sys offset       381 s2 freq    -337 delay   1674
phc2sys[4941660.969]: enp1s0 sys offset       121 s2 freq    -482 delay   1743
phc2sys[4941661.969]: enp1s0 sys offset      -453 s2 freq   -1020 delay   2556
phc2sys[4941662.969]: enp1s0 sys offset       423 s2 freq    -280 delay   1694
phc2sys[4941663.970]: enp1s0 sys offset      -347 s2 freq    -923 delay   2560
phc2sys[4941664.970]: enp1s0 sys offset       -32 s2 freq    -712 delay   2504
phc2sys[4941665.970]: enp1s0 sys offset       576 s2 freq    -114 delay   1680
phc2sys[4941666.970]: enp1s0 sys offset      -356 s2 freq    -873 delay   2525
phc2sys[4941667.970]: enp1s0 sys offset       -60 s2 freq    -684 delay   2513
phc2sys[4941668.971]: enp1s0 sys offset        54 s2 freq    -588 delay   2535
phc2sys[4941669.971]: enp1s0 sys offset       549 s2 freq     -77 delay   1707
phc2sys[4941670.971]: enp1s0 sys offset      -382 s2 freq    -843 delay   2551
phc2sys[4941671.971]: enp1s0 sys offset       -77 s2 freq    -652 delay   2555
phc2sys[4941672.971]: enp1s0 sys offset        34 s2 freq    -565 delay   2555
phc2sys[4941673.972]: enp1s0 sys offset       525 s2 freq     -63 delay   1742
phc2sys[4941674.972]: enp1s0 sys offset        19 s2 freq    -412 delay   1725
phc2sys[4941675.972]: enp1s0 sys offset      -627 s2 freq   -1052 delay   2878
phc2sys[4941676.972]: enp1s0 sys offset       -12 s2 freq    -625 delay   2533
phc2sys[4941677.973]: enp1s0 sys offset       580 s2 freq     -37 delay   1669
phc2sys[4941678.973]: enp1s0 sys offset       128 s2 freq    -315 delay   1734
phc2sys[4941679.973]: enp1s0 sys offset      -540 s2 freq    -944 delay   2510
phc2sys[4941680.973]: enp1s0 sys offset       -69 s2 freq    -635 delay   2558
phc2sys[4941681.973]: enp1s0 sys offset       535 s2 freq     -52 delay   1722
phc2sys[4941682.974]: enp1s0 sys offset        94 s2 freq    -333 delay   1706
phc2sys[4941683.974]: enp1s0 sys offset       -54 s2 freq    -452 delay   1695
phc2sys[4941684.974]: enp1s0 sys offset       -60 s2 freq    -475 delay   1710
phc2sys[4941685.974]: enp1s0 sys offset      -516 s2 freq    -949 delay   2529
phc2sys[4941686.974]: enp1s0 sys offset       405 s2 freq    -182 delay   1668
phc2sys[4941687.975]: enp1s0 sys offset       137 s2 freq    -329 delay   1698
phc2sys[4941688.975]: enp1s0 sys offset        38 s2 freq    -387 delay   1694
phc2sys[4941689.975]: enp1s0 sys offset      -511 s2 freq    -924 delay   2528
phc2sys[4941690.975]: enp1s0 sys offset       -14 s2 freq    -581 delay   2547
phc2sys[4941691.975]: enp1s0 sys offset       103 s2 freq    -468 delay   2489
phc2sys[4941692.976]: enp1s0 sys offset       621 s2 freq     +81 delay   1748
phc2sys[4941693.976]: enp1s0 sys offset      -407 s2 freq    -761 delay   2881
phc2sys[4941694.976]: enp1s0 sys offset       -15 s2 freq    -491 delay   2531
phc2sys[4941695.976]: enp1s0 sys offset        80 s2 freq    -400 delay   2563
phc2sys[4941696.977]: enp1s0 sys offset       -32 s2 freq    -488 delay   2877
phc2sys[4941697.977]: enp1s0 sys offset       135 s2 freq    -331 delay   2540
phc2sys[4941698.977]: enp1s0 sys offset        64 s2 freq    -361 delay   2535
phc2sys[4941699.977]: enp1s0 sys offset       498 s2 freq     +92 delay   1731
phc2sys[4941700.977]: enp1s0 sys offset        99 s2 freq    -158 delay   1871
phc2sys[4941701.978]: enp1s0 sys offset      -247 s2 freq    -474 delay   1699
phc2sys[4941702.978]: enp1s0 sys offset      -615 s2 freq    -916 delay   2521
phc2sys[4941703.978]: enp1s0 sys offset       394 s2 freq     -92 delay   1741
phc2sys[4941704.978]: enp1s0 sys offset        91 s2 freq    -277 delay   1726
phc2sys[4941705.979]: enp1s0 sys offset        -5 s2 freq    -345 delay   1693
phc2sys[4941706.979]: enp1s0 sys offset      -479 s2 freq    -821 delay   2537
phc2sys[4941707.979]: enp1s0 sys offset       441 s2 freq     -44 delay   1676
phc2sys[4941708.979]: enp1s0 sys offset       117 s2 freq    -236 delay   1708
phc2sys[4941709.979]: enp1s0 sys offset      -463 s2 freq    -781 delay   2495
phc2sys[4941710.980]: enp1s0 sys offset       -48 s2 freq    -505 delay   2813
phc2sys[4941711.980]: enp1s0 sys offset       174 s2 freq    -297 delay   2563
phc2sys[4941712.980]: enp1s0 sys offset       115 s2 freq    -304 delay   2493
phc2sys[4941713.980]: enp1s0 sys offset       581 s2 freq    +196 delay   1743
phc2sys[4941714.980]: enp1s0 sys offset      -494 s2 freq    -704 delay   2885
phc2sys[4941715.981]: enp1s0 sys offset       -38 s2 freq    -397 delay   2483
phc2sys[4941716.981]: enp1s0 sys offset        89 s2 freq    -281 delay   2553
phc2sys[4941717.981]: enp1s0 sys offset       511 s2 freq    +168 delay   1701
phc2sys[4941718.981]: enp1s0 sys offset      -389 s2 freq    -579 delay   2550
phc2sys[4941719.982]: enp1s0 sys offset       349 s2 freq     +42 delay   1744
phc2sys[4941720.982]: enp1s0 sys offset      -432 s2 freq    -634 delay   2562
phc2sys[4941721.982]: enp1s0 sys offset       -76 s2 freq    -408 delay   2546
phc2sys[4941722.982]: enp1s0 sys offset       492 s2 freq    +138 delay   1681
phc2sys[4941723.983]: enp1s0 sys offset      -389 s2 freq    -596 delay   2799
phc2sys[4941724.983]: enp1s0 sys offset       419 s2 freq     +96 delay   1697
phc2sys[4941725.983]: enp1s0 sys offset      -370 s2 freq    -568 delay   2545
phc2sys[4941726.983]: enp1s0 sys offset       -57 s2 freq    -366 delay   2554
phc2sys[4941727.983]: enp1s0 sys offset        54 s2 freq    -272 delay   2567
phc2sys[4941728.984]: enp1s0 sys offset       543 s2 freq    +233 delay   1742
phc2sys[4941729.984]: enp1s0 sys offset        40 s2 freq    -107 delay   1705
phc2sys[4941730.984]: enp1s0 sys offset      -541 s2 freq    -676 delay   2538
phc2sys[4941731.984]: enp1s0 sys offset       -85 s2 freq    -382 delay   2568
phc2sys[4941732.985]: enp1s0 sys offset       515 s2 freq    +192 delay   1699
phc2sys[4941733.985]: enp1s0 sys offset        84 s2 freq     -84 delay   1659
phc2sys[4941734.985]: enp1s0 sys offset       -24 s2 freq    -167 delay   1724
phc2sys[4941735.985]: enp1s0 sys offset      -535 s2 freq    -685 delay   2570
phc2sys[4941736.985]: enp1s0 sys offset       410 s2 freq     +99 delay   1738
phc2sys[4941737.986]: enp1s0 sys offset        83 s2 freq    -105 delay   1688
phc2sys[4941738.986]: enp1s0 sys offset         1 s2 freq    -162 delay   1744
phc2sys[4941739.986]: enp1s0 sys offset      -500 s2 freq    -662 delay   2539
phc2sys[4941740.986]: enp1s0 sys offset       421 s2 freq    +109 delay   1669
phc2sys[4941741.986]: enp1s0 sys offset      -426 s2 freq    -612 delay   2882
phc2sys[4941742.987]: enp1s0 sys offset       576 s2 freq    +262 delay   1765
phc2sys[4941743.987]: enp1s0 sys offset       125 s2 freq     -16 delay   1703
phc2sys[4941744.987]: enp1s0 sys offset      -464 s2 freq    -568 delay   2572
phc2sys[4941745.987]: enp1s0 sys offset       389 s2 freq    +146 delay   1659
phc2sys[4941746.987]: enp1s0 sys offset        78 s2 freq     -48 delay   1651
phc2sys[4941747.988]: enp1s0 sys offset         3 s2 freq    -100 delay   1745
phc2sys[4941748.988]: enp1s0 sys offset      -510 s2 freq    -612 delay   2503
phc2sys[4941749.988]: enp1s0 sys offset       454 s2 freq    +199 delay   1745
phc2sys[4941750.988]: enp1s0 sys offset      -351 s2 freq    -470 delay   2528
phc2sys[4941751.988]: enp1s0 sys offset       -10 s2 freq    -234 delay   2515
phc2sys[4941752.989]: enp1s0 sys offset       597 s2 freq    +370 delay   1743
phc2sys[4941753.989]: enp1s0 sys offset       110 s2 freq     +62 delay   1743
phc2sys[4941754.989]: enp1s0 sys offset      -531 s2 freq    -546 delay   2524
phc2sys[4941755.989]: enp1s0 sys offset       -76 s2 freq    -250 delay   2551
phc2sys[4941756.990]: enp1s0 sys offset        -5 s2 freq    -202 delay   2879
phc2sys[4941757.990]: enp1s0 sys offset       194 s2 freq      -4 delay   2553
phc2sys[4941758.990]: enp1s0 sys offset       113 s2 freq     -27 delay   2531
phc2sys[4941759.990]: enp1s0 sys offset       538 s2 freq    +432 delay   1740
phc2sys[4941760.990]: enp1s0 sys offset      -463 s2 freq    -408 delay   2505
phc2sys[4941761.991]: enp1s0 sys offset      -106 s2 freq    -190 delay   2570
phc2sys[4941762.991]: enp1s0 sys offset        18 s2 freq     -98 delay   2554
phc2sys[4941763.991]: enp1s0 sys offset        50 s2 freq     -60 delay   2527
phc2sys[4941764.991]: enp1s0 sys offset       532 s2 freq    +437 delay   1742
phc2sys[4941765.991]: enp1s0 sys offset      -504 s2 freq    -440 delay   2859
phc2sys[4941766.992]: enp1s0 sys offset       409 s2 freq    +322 delay   1643
phc2sys[4941767.992]: enp1s0 sys offset      -408 s2 freq    -372 delay   2564
phc2sys[4941768.992]: enp1s0 sys offset       393 s2 freq    +307 delay   1742
phc2sys[4941769.992]: enp1s0 sys offset      -409 s2 freq    -378 delay   2545
phc2sys[4941770.992]: enp1s0 sys offset       -66 s2 freq    -157 delay   2542
phc2sys[4941771.993]: enp1s0 sys offset        76 s2 freq     -35 delay   2569
phc2sys[4941772.993]: enp1s0 sys offset        95 s2 freq      +7 delay   2551
phc2sys[4941773.993]: enp1s0 sys offset       -42 s2 freq    -102 delay   2878
phc2sys[4941774.993]: enp1s0 sys offset       132 s2 freq     +60 delay   2538
phc2sys[4941775.993]: enp1s0 sys offset        35 s2 freq      +2 delay   2494
phc2sys[4941776.994]: enp1s0 sys offset       507 s2 freq    +485 delay   1686
phc2sys[4941777.994]: enp1s0 sys offset        32 s2 freq    +162 delay   1747
phc2sys[4941778.994]: enp1s0 sys offset      -603 s2 freq    -464 delay   2541
phc2sys[4941779.994]: enp1s0 sys offset      -136 s2 freq    -177 delay   2551
phc2sys[4941780.994]: enp1s0 sys offset        46 s2 freq     -36 delay   2536
phc2sys[4941781.995]: enp1s0 sys offset        96 s2 freq     +28 delay   2556
phc2sys[4941782.995]: enp1s0 sys offset       539 s2 freq    +499 delay   1721
phc2sys[4941783.995]: enp1s0 sys offset      -484 s2 freq    -362 delay   2890
phc2sys[4941784.995]: enp1s0 sys offset       -43 s2 freq     -66 delay   2493
phc2sys[4941785.995]: enp1s0 sys offset        66 s2 freq     +30 delay   2558
phc2sys[4941786.996]: enp1s0 sys offset       519 s2 freq    +503 delay   1688
phc2sys[4941787.996]: enp1s0 sys offset      -375 s2 freq    -236 delay   2562
phc2sys[4941788.996]: enp1s0 sys offset       362 s2 freq    +389 delay   1747
phc2sys[4941789.996]: enp1s0 sys offset      -543 s2 freq    -407 delay   2877
phc2sys[4941790.997]: enp1s0 sys offset       481 s2 freq    +454 delay   1649
phc2sys[4941791.997]: enp1s0 sys offset        77 s2 freq    +194 delay   1668
phc2sys[4941792.997]: enp1s0 sys offset       -50 s2 freq     +90 delay   1684
phc2sys[4941793.997]: enp1s0 sys offset      -523 s2 freq    -398 delay   2548
phc2sys[4941794.997]: enp1s0 sys offset      -139 s2 freq    -171 delay   2885
phc2sys[4941795.998]: enp1s0 sys offset       198 s2 freq    +124 delay   2547
phc2sys[4941796.998]: enp1s0 sys offset       122 s2 freq    +108 delay   2510
phc2sys[4941797.998]: enp1s0 sys offset       586 s2 freq    +608 delay   1683
phc2sys[4941798.998]: enp1s0 sys offset        80 s2 freq    +278 delay   1757
phc2sys[4941799.998]: enp1s0 sys offset      -595 s2 freq    -373 delay   2497
phc2sys[4941800.999]: enp1s0 sys offset       338 s2 freq    +382 delay   1632
phc2sys[4941801.999]: enp1s0 sys offset      -351 s2 freq    -206 delay   2556
phc2sys[4941802.999]: enp1s0 sys offset       -39 s2 freq      +1 delay   2533
phc2sys[4941803.999]: enp1s0 sys offset       -14 s2 freq     +14 delay   2888
phc2sys[4941804.999]: enp1s0 sys offset       617 s2 freq    +641 delay   1657
phc2sys[4941806.000]: enp1s0 sys offset      -348 s2 freq    -139 delay   2534
phc2sys[4941807.000]: enp1s0 sys offset       401 s2 freq    +506 delay   1744
phc2sys[4941808.000]: enp1s0 sys offset      -438 s2 freq    -213 delay   2563
phc2sys[4941809.000]: enp1s0 sys offset      -105 s2 freq     -11 delay   2499
phc2sys[4941810.000]: enp1s0 sys offset        88 s2 freq    +150 delay   2563
phc2sys[4941811.001]: enp1s0 sys offset       527 s2 freq    +615 delay   1695
phc2sys[4941812.001]: enp1s0 sys offset        83 s2 freq    +330 delay   1677
phc2sys[4941813.001]: enp1s0 sys offset       -97 s2 freq    +174 delay   1689
phc2sys[4941814.001]: enp1s0 sys offset      -575 s2 freq    -333 delay   2555
phc2sys[4941815.002]: enp1s0 sys offset       -85 s2 freq     -15 delay   2509
phc2sys[4941816.002]: enp1s0 sys offset       568 s2 freq    +612 delay   1709
phc2sys[4941817.002]: enp1s0 sys offset      -386 s2 freq    -171 delay   2881
phc2sys[4941818.002]: enp1s0 sys offset        42 s2 freq    +141 delay   2531
phc2sys[4941819.002]: enp1s0 sys offset        99 s2 freq    +211 delay   2542
phc2sys[4941820.003]: enp1s0 sys offset       551 s2 freq    +692 delay   1733
phc2sys[4941821.003]: enp1s0 sys offset      -401 s2 freq     -94 delay   2547
phc2sys[4941822.003]: enp1s0 sys offset       328 s2 freq    +514 delay   1657
phc2sys[4941823.003]: enp1s0 sys offset      -424 s2 freq    -139 delay   2551
phc2sys[4941824.003]: enp1s0 sys offset       -82 s2 freq     +75 delay   2540
phc2sys[4941825.004]: enp1s0 sys offset       517 s2 freq    +650 delay   1743
phc2sys[4941826.004]: enp1s0 sys offset        68 s2 freq    +356 delay   1676
phc2sys[4941827.004]: enp1s0 sys offset      -503 s2 freq    -195 delay   2543
phc2sys[4941828.004]: enp1s0 sys offset      -112 s2 freq     +45 delay   2523
phc2sys[4941829.005]: enp1s0 sys offset       531 s2 freq    +655 delay   1720
phc2sys[4941830.005]: enp1s0 sys offset      -366 s2 freq     -83 delay   2500
phc2sys[4941831.005]: enp1s0 sys offset       425 s2 freq    +598 delay   1721
phc2sys[4941832.005]: enp1s0 sys offset        62 s2 freq    +363 delay   1680
phc2sys[4941833.005]: enp1s0 sys offset      -514 s2 freq    -195 delay   2549
phc2sys[4941834.006]: enp1s0 sys offset      -103 s2 freq     +62 delay   2524
phc2sys[4941835.006]: enp1s0 sys offset        16 s2 freq    +150 delay   2885
phc2sys[4941836.006]: enp1s0 sys offset       197 s2 freq    +336 delay   2532
phc2sys[4941837.006]: enp1s0 sys offset       546 s2 freq    +744 delay   1726
phc2sys[4941838.006]: enp1s0 sys offset      -343 s2 freq     +19 delay   2564
phc2sys[4941839.007]: enp1s0 sys offset       -92 s2 freq    +167 delay   2556
phc2sys[4941840.007]: enp1s0 sys offset       482 s2 freq    +714 delay   1717
phc2sys[4941841.007]: enp1s0 sys offset      -496 s2 freq    -120 delay   2844
phc2sys[4941842.007]: enp1s0 sys offset        -8 s2 freq    +219 delay   2576
phc2sys[4941843.007]: enp1s0 sys offset        57 s2 freq    +282 delay   2549
phc2sys[4941844.008]: enp1s0 sys offset        43 s2 freq    +285 delay   2517
phc2sys[4941845.008]: enp1s0 sys offset        52 s2 freq    +307 delay   2522
phc2sys[4941846.008]: enp1s0 sys offset       506 s2 freq    +777 delay   1717
phc2sys[4941847.008]: enp1s0 sys offset      -404 s2 freq     +18 delay   2561
phc2sys[4941848.009]: enp1s0 sys offset      -111 s2 freq    +190 delay   2551
phc2sys[4941849.009]: enp1s0 sys offset       461 s2 freq    +729 delay   1692
phc2sys[4941850.009]: enp1s0 sys offset        46 s2 freq    +452 delay   1721
phc2sys[4941851.009]: enp1s0 sys offset      -561 s2 freq    -141 delay   2509
phc2sys[4941852.009]: enp1s0 sys offset       -87 s2 freq    +165 delay   2531
phc2sys[4941853.010]: enp1s0 sys offset        81 s2 freq    +307 delay   2524
phc2sys[4941854.010]: enp1s0 sys offset       588 s2 freq    +838 delay   1685
phc2sys[4941855.010]: enp1s0 sys offset        89 s2 freq    +515 delay   1730
phc2sys[4941856.010]: enp1s0 sys offset      -536 s2 freq     -83 delay   2544
phc2sys[4941857.010]: enp1s0 sys offset      -132 s2 freq    +160 delay   2498
phc2sys[4941858.011]: enp1s0 sys offset       525 s2 freq    +778 delay   1711
phc2sys[4941859.011]: enp1s0 sys offset       141 s2 freq    +551 delay   1745
phc2sys[4941860.011]: enp1s0 sys offset      -524 s2 freq     -72 delay   2526
phc2sys[4941861.011]: enp1s0 sys offset       378 s2 freq    +673 delay   1704
phc2sys[4941862.011]: enp1s0 sys offset        56 s2 freq    +465 delay   1660
phc2sys[4941863.011]: enp1s0 sys offset       -26 s2 freq    +399 delay   1637
phc2sys[4941864.012]: enp1s0 sys offset      -551 s2 freq    -133 delay   2874
phc2sys[4941865.012]: enp1s0 sys offset       490 s2 freq    +742 delay   1726
phc2sys[4941866.012]: enp1s0 sys offset      -332 s2 freq     +67 delay   2535
phc2sys[4941867.012]: enp1s0 sys offset        -9 s2 freq    +291 delay   2548
phc2sys[4941868.013]: enp1s0 sys offset       555 s2 freq    +852 delay   1728
phc2sys[4941869.013]: enp1s0 sys offset      -372 s2 freq     +91 delay   2556
phc2sys[4941870.013]: enp1s0 sys offset       392 s2 freq    +744 delay   1714
phc2sys[4941871.013]: enp1s0 sys offset      -466 s2 freq      +3 delay   2846
phc2sys[4941872.013]: enp1s0 sys offset        16 s2 freq    +346 delay   2546
phc2sys[4941873.014]: enp1s0 sys offset        71 s2 freq    +405 delay   2547
phc2sys[4941874.014]: enp1s0 sys offset         1 s2 freq    +357 delay   2884
phc2sys[4941875.014]: enp1s0 sys offset       115 s2 freq    +471 delay   2495
phc2sys[4941876.014]: enp1s0 sys offset        69 s2 freq    +460 delay   2498
phc2sys[4941877.014]: enp1s0 sys offset       518 s2 freq    +929 delay   1716
phc2sys[4941878.015]: enp1s0 sys offset      -475 s2 freq     +92 delay   2522
phc2sys[4941879.015]: enp1s0 sys offset      -114 s2 freq    +310 delay   2538
phc2sys[4941880.015]: enp1s0 sys offset        19 s2 freq    +409 delay   2557
phc2sys[4941881.015]: enp1s0 sys offset       484 s2 freq    +880 delay   1645
phc2sys[4941882.015]: enp1s0 sys offset        44 s2 freq    +585 delay   1695
phc2sys[4941883.016]: enp1s0 sys offset       -89 s2 freq    +465 delay   1674
phc2sys[4941884.016]: enp1s0 sys offset      -564 s2 freq     -37 delay   2555
phc2sys[4941885.016]: enp1s0 sys offset      -155 s2 freq    +203 delay   2882
phc2sys[4941886.016]: enp1s0 sys offset       658 s2 freq    +970 delay   1812
phc2sys[4941887.016]: enp1s0 sys offset      -352 s2 freq    +157 delay   2495
phc2sys[4941888.016]: enp1s0 sys offset       -17 s2 freq    +386 delay   2539
phc2sys[4941889.017]: enp1s0 sys offset       490 s2 freq    +888 delay   1634
phc2sys[4941890.017]: enp1s0 sys offset        92 s2 freq    +637 delay   1682
phc2sys[4941891.017]: enp1s0 sys offset       -66 s2 freq    +507 delay   1739
phc2sys[4941892.017]: enp1s0 sys offset      -102 s2 freq    +451 delay   1706
phc2sys[4941893.017]: enp1s0 sys offset      -534 s2 freq     -11 delay   2541
phc2sys[4941894.017]: enp1s0 sys offset       -26 s2 freq    +336 delay   2569
phc2sys[4941895.018]: enp1s0 sys offset       582 s2 freq    +937 delay   1747
phc2sys[4941896.018]: enp1s0 sys offset      -321 s2 freq    +208 delay   2548
phc2sys[4941897.018]: enp1s0 sys offset       385 s2 freq    +818 delay   1627
phc2sys[4941898.018]: enp1s0 sys offset      -376 s2 freq    +172 delay   2518
phc2sys[4941899.018]: enp1s0 sys offset       -58 s2 freq    +378 delay   2506
phc2sys[4941900.019]: enp1s0 sys offset       544 s2 freq    +962 delay   1683
phc2sys[4941901.019]: enp1s0 sys offset      -446 s2 freq    +135 delay   2882
phc2sys[4941902.019]: enp1s0 sys offset         8 s2 freq    +456 delay   2545
phc2sys[4941903.019]: enp1s0 sys offset        92 s2 freq    +542 delay   2571
phc2sys[4941904.019]: enp1s0 sys offset        36 s2 freq    +514 delay   2549
phc2sys[4941905.020]: enp1s0 sys offset       517 s2 freq   +1005 delay   1681
phc2sys[4941906.020]: enp1s0 sys offset      -514 s2 freq    +129 delay   2883
phc2sys[4941907.020]: enp1s0 sys offset       -42 s2 freq    +447 delay   2553
phc2sys[4941908.020]: enp1s0 sys offset        40 s2 freq    +517 delay   2530
phc2sys[4941909.020]: enp1s0 sys offset       522 s2 freq   +1011 delay   1693
phc2sys[4941910.021]: enp1s0 sys offset      -414 s2 freq    +231 delay   2705
phc2sys[4941911.021]: enp1s0 sys offset      -137 s2 freq    +384 delay   2514
phc2sys[4941912.021]: enp1s0 sys offset        14 s2 freq    +494 delay   2508
phc2sys[4941913.021]: enp1s0 sys offset        64 s2 freq    +548 delay   2515
phc2sys[4941914.021]: enp1s0 sys offset       530 s2 freq   +1033 delay   1684
phc2sys[4941915.022]: enp1s0 sys offset        37 s2 freq    +699 delay   1739
phc2sys[4941916.022]: enp1s0 sys offset      -110 s2 freq    +563 delay   1736
phc2sys[4941917.022]: enp1s0 sys offset      -560 s2 freq     +80 delay   2545
phc2sys[4941918.022]: enp1s0 sys offset       355 s2 freq    +827 delay   1676
phc2sys[4941919.023]: enp1s0 sys offset      -399 s2 freq    +180 delay   2794
phc2sys[4941920.023]: enp1s0 sys offset        35 s2 freq    +494 delay   2536
phc2sys[4941921.023]: enp1s0 sys offset        97 s2 freq    +567 delay   2555
phc2sys[4941922.023]: enp1s0 sys offset         1 s2 freq    +500 delay   2889
phc2sys[4941923.023]: enp1s0 sys offset       618 s2 freq   +1117 delay   1673
phc2sys[4941924.024]: enp1s0 sys offset      -452 s2 freq    +233 delay   2877
phc2sys[4941925.024]: enp1s0 sys offset       -33 s2 freq    +516 delay   2551
phc2sys[4941926.024]: enp1s0 sys offset        38 s2 freq    +577 delay   2563
phc2sys[4941927.024]: enp1s0 sys offset       -40 s2 freq    +510 delay   2886
phc2sys[4941928.025]: enp1s0 sys offset       593 s2 freq   +1131 delay   1789
phc2sys[4941929.025]: enp1s0 sys offset      -391 s2 freq    +325 delay   2566
phc2sys[4941930.025]: enp1s0 sys offset      -117 s2 freq    +482 delay   2543
phc2sys[4941931.025]: enp1s0 sys offset        -5 s2 freq    +559 delay   2561
phc2sys[4941932.025]: enp1s0 sys offset       478 s2 freq   +1040 delay   1679
phc2sys[4941933.026]: enp1s0 sys offset        53 s2 freq    +759 delay   1721
phc2sys[4941934.026]: enp1s0 sys offset       -84 s2 freq    +638 delay   1700
phc2sys[4941935.026]: enp1s0 sys offset      -598 s2 freq     +99 delay   2492
phc2sys[4941936.026]: enp1s0 sys offset       -74 s2 freq    +443 delay   2517
phc2sys[4941937.026]: enp1s0 sys offset        40 s2 freq    +535 delay   2876
phc2sys[4941938.027]: enp1s0 sys offset       644 s2 freq   +1151 delay   1687
phc2sys[4941939.027]: enp1s0 sys offset      -362 s2 freq    +338 delay   2503
phc2sys[4941940.027]: enp1s0 sys offset       -59 s2 freq    +533 delay   2521
phc2sys[4941941.027]: enp1s0 sys offset       487 s2 freq   +1061 delay   1641
phc2sys[4941942.027]: enp1s0 sys offset        87 s2 freq    +807 delay   1711
phc2sys[4941943.028]: enp1s0 sys offset      -541 s2 freq    +205 delay   2539
phc2sys[4941944.028]: enp1s0 sys offset      -103 s2 freq    +481 delay   2566
phc2sys[4941945.028]: enp1s0 sys offset       516 s2 freq   +1069 delay   1735
phc2sys[4941946.028]: enp1s0 sys offset        81 s2 freq    +789 delay   1716
phc2sys[4941947.028]: enp1s0 sys offset      -495 s2 freq    +237 delay   2551
phc2sys[4941948.029]: enp1s0 sys offset       -79 s2 freq    +504 delay   2549
phc2sys[4941949.029]: enp1s0 sys offset       532 s2 freq   +1092 delay   1724
phc2sys[4941950.029]: enp1s0 sys offset       114 s2 freq    +833 delay   1694
phc2sys[4941951.029]: enp1s0 sys offset      -527 s2 freq    +227 delay   2538
phc2sys[4941952.029]: enp1s0 sys offset       -94 s2 freq    +501 delay   2527
phc2sys[4941953.030]: enp1s0 sys offset        60 s2 freq    +627 delay   2501
phc2sys[4941954.030]: enp1s0 sys offset        76 s2 freq    +661 delay   2866
phc2sys[4941955.030]: enp1s0 sys offset       153 s2 freq    +761 delay   2560
phc2sys[4941956.030]: enp1s0 sys offset       534 s2 freq   +1188 delay   1679
phc2sys[4941957.030]: enp1s0 sys offset        35 s2 freq    +849 delay   1717
phc2sys[4941958.031]: enp1s0 sys offset      -126 s2 freq    +699 delay   1677
phc2sys[4941959.031]: enp1s0 sys offset      -601 s2 freq    +186 delay   2528
phc2sys[4941960.031]: enp1s0 sys offset       378 s2 freq    +985 delay   1696
phc2sys[4941961.031]: enp1s0 sys offset        94 s2 freq    +814 delay   1740
phc2sys[4941962.032]: enp1s0 sys offset      -516 s2 freq    +232 delay   2783
phc2sys[4941963.032]: enp1s0 sys offset       -79 s2 freq    +514 delay   2872
phc2sys[4941964.032]: enp1s0 sys offset       634 s2 freq   +1204 delay   1653
phc2sys[4941965.032]: enp1s0 sys offset      -313 s2 freq    +447 delay   2557
phc2sys[4941966.032]: enp1s0 sys offset      -151 s2 freq    +515 delay   2891
phc2sys[4941967.033]: enp1s0 sys offset        80 s2 freq    +701 delay   2900
phc2sys[4941968.033]: enp1s0 sys offset       190 s2 freq    +835 delay   2555
phc2sys[4941969.033]: enp1s0 sys offset       485 s2 freq   +1187 delay   1745
phc2sys[4941970.033]: enp1s0 sys offset      -398 s2 freq    +449 delay   2518
phc2sys[4941971.033]: enp1s0 sys offset       361 s2 freq   +1089 delay   1710
phc2sys[4941972.034]: enp1s0 sys offset      -525 s2 freq    +311 delay   2886
phc2sys[4941973.034]: enp1s0 sys offset       427 s2 freq   +1106 delay   1706
phc2sys[4941974.034]: enp1s0 sys offset      -420 s2 freq    +387 delay   2487
phc2sys[4941975.034]: enp1s0 sys offset       -35 s2 freq    +646 delay   2551
phc2sys[4941976.035]: enp1s0 sys offset       524 s2 freq   +1194 delay   1687
phc2sys[4941977.035]: enp1s0 sys offset      -409 s2 freq    +418 delay   2845
phc2sys[4941978.035]: enp1s0 sys offset       -63 s2 freq    +642 delay   2544
phc2sys[4941979.035]: enp1s0 sys offset       517 s2 freq   +1203 delay   1664
phc2sys[4941980.035]: enp1s0 sys offset        68 s2 freq    +909 delay   1700
phc2sys[4941981.036]: enp1s0 sys offset       -74 s2 freq    +787 delay   1738
phc2sys[4941982.036]: enp1s0 sys offset      -652 s2 freq    +187 delay   2882
phc2sys[4941983.036]: enp1s0 sys offset         4 s2 freq    +647 delay   2513
phc2sys[4941984.036]: enp1s0 sys offset       128 s2 freq    +773 delay   2538
phc2sys[4941985.036]: enp1s0 sys offset       565 s2 freq   +1248 delay   1672
phc2sys[4941986.037]: enp1s0 sys offset       111 s2 freq    +964 delay   1679
phc2sys[4941987.037]: enp1s0 sys offset       -79 s2 freq    +807 delay   1756
phc2sys[4941988.037]: enp1s0 sys offset      -581 s2 freq    +281 delay   2552
phc2sys[4941989.037]: enp1s0 sys offset       -95 s2 freq    +593 delay   2510
phc2sys[4941990.037]: enp1s0 sys offset       122 s2 freq    +781 delay   2566
phc2sys[4941991.037]: enp1s0 sys offset        29 s2 freq    +725 delay   2887
phc2sys[4941992.038]: enp1s0 sys offset       643 s2 freq   +1348 delay   1685
phc2sys[4941993.038]: enp1s0 sys offset        65 s2 freq    +963 delay   1606
phc2sys[4941994.038]: enp1s0 sys offset       -66 s2 freq    +851 delay   1683
phc2sys[4941995.038]: enp1s0 sys offset      -115 s2 freq    +782 delay   1705
phc2sys[4941996.039]: enp1s0 sys offset      -651 s2 freq    +212 delay   2897
phc2sys[4941997.039]: enp1s0 sys offset        -4 s2 freq    +663 delay   2803
phc2sys[4941998.039]: enp1s0 sys offset       638 s2 freq   +1304 delay   1693
phc2sys[4941999.039]: enp1s0 sys offset       143 s2 freq   +1001 delay   1660
phc2sys[4942000.039]: enp1s0 sys offset       -51 s2 freq    +850 delay   1744
phc2sys[4942001.040]: enp1s0 sys offset      -118 s2 freq    +767 delay   1692
phc2sys[4942002.040]: enp1s0 sys offset       -49 s2 freq    +801 delay   1690
phc2sys[4942003.040]: enp1s0 sys offset      -501 s2 freq    +334 delay   2550
phc2sys[4942004.040]: enp1s0 sys offset       -13 s2 freq    +672 delay   2543
phc2sys[4942005.041]: enp1s0 sys offset       133 s2 freq    +814 delay   2573
phc2sys[4942006.041]: enp1s0 sys offset       613 s2 freq   +1334 delay   1741
phc2sys[4942007.041]: enp1s0 sys offset      -442 s2 freq    +463 delay   2886
phc2sys[4942008.041]: enp1s0 sys offset        35 s2 freq    +807 delay   2677
phc2sys[4942009.041]: enp1s0 sys offset       495 s2 freq   +1278 delay   1694
phc2sys[4942010.042]: enp1s0 sys offset      -408 s2 freq    +523 delay   2547
phc2sys[4942011.042]: enp1s0 sys offset      -102 s2 freq    +707 delay   2559
phc2sys[4942012.042]: enp1s0 sys offset       -58 s2 freq    +720 delay   2880
phc2sys[4942013.042]: enp1s0 sys offset       133 s2 freq    +894 delay   2511
phc2sys[4942014.042]: enp1s0 sys offset       578 s2 freq   +1379 delay   1697
phc2sys[4942015.043]: enp1s0 sys offset      -411 s2 freq    +563 delay   2559
phc2sys[4942016.043]: enp1s0 sys offset      -152 s2 freq    +699 delay   2498
phc2sys[4942017.043]: enp1s0 sys offset       490 s2 freq   +1295 delay   1754
phc2sys[4942018.043]: enp1s0 sys offset        59 s2 freq   +1011 delay   1712
phc2sys[4942019.043]: enp1s0 sys offset      -571 s2 freq    +399 delay   2530
phc2sys[4942020.044]: enp1s0 sys offset      -130 s2 freq    +669 delay   2513
phc2sys[4942021.044]: enp1s0 sys offset        53 s2 freq    +813 delay   2879
phc2sys[4942022.044]: enp1s0 sys offset       595 s2 freq   +1370 delay   1661
phc2sys[4942023.044]: enp1s0 sys offset      -362 s2 freq    +592 delay   2492
phc2sys[4942024.045]: enp1s0 sys offset       -56 s2 freq    +789 delay   2540
phc2sys[4942025.045]: enp1s0 sys offset       476 s2 freq   +1305 delay   1687
phc2sys[4942026.045]: enp1s0 sys offset        81 s2 freq   +1052 delay   1740
phc2sys[4942027.045]: enp1s0 sys offset      -133 s2 freq    +863 delay   1634
phc2sys[4942028.045]: enp1s0 sys offset      -533 s2 freq    +423 delay   2540
phc2sys[4942029.046]: enp1s0 sys offset       -59 s2 freq    +737 delay   2562
phc2sys[4942030.046]: enp1s0 sys offset        17 s2 freq    +795 delay   2884
phc2sys[4942031.046]: enp1s0 sys offset       203 s2 freq    +986 delay   2660
phc2sys[4942032.046]: enp1s0 sys offset       567 s2 freq   +1411 delay   1712
phc2sys[4942033.047]: enp1s0 sys offset      -398 s2 freq    +616 delay   2546
phc2sys[4942034.047]: enp1s0 sys offset      -115 s2 freq    +780 delay   2552
phc2sys[4942035.047]: enp1s0 sys offset       471 s2 freq   +1331 delay   1686
phc2sys[4942036.047]: enp1s0 sys offset        51 s2 freq   +1053 delay   1709
phc2sys[4942037.047]: enp1s0 sys offset       -71 s2 freq    +946 delay   1757
phc2sys[4942038.048]: enp1s0 sys offset      -560 s2 freq    +436 delay   2551
phc2sys[4942039.048]: enp1s0 sys offset      -165 s2 freq    +663 delay   2886
phc2sys[4942040.048]: enp1s0 sys offset       635 s2 freq   +1413 delay   1734
phc2sys[4942041.048]: enp1s0 sys offset       147 s2 freq   +1116 delay   1708
phc2sys[4942042.049]: enp1s0 sys offset      -491 s2 freq    +522 delay   2553
phc2sys[4942043.049]: enp1s0 sys offset       -81 s2 freq    +784 delay   2572
phc2sys[4942044.049]: enp1s0 sys offset        74 s2 freq    +915 delay   2541
phc2sys[4942045.049]: enp1s0 sys offset       561 s2 freq   +1424 delay   1742
phc2sys[4942046.049]: enp1s0 sys offset        67 s2 freq   +1099 delay   1748
phc2sys[4942047.050]: enp1s0 sys offset      -575 s2 freq    +477 delay   2524
phc2sys[4942048.050]: enp1s0 sys offset      -149 s2 freq    +730 delay   2886
phc2sys[4942049.050]: enp1s0 sys offset       135 s2 freq    +970 delay   2555
phc2sys[4942050.050]: enp1s0 sys offset       566 s2 freq   +1441 delay   1681
phc2sys[4942051.051]: enp1s0 sys offset        61 s2 freq   +1106 delay   1714
phc2sys[4942052.051]: enp1s0 sys offset      -622 s2 freq    +441 delay   2882
phc2sys[4942053.051]: enp1s0 sys offset       -37 s2 freq    +840 delay   2532
phc2sys[4942054.051]: enp1s0 sys offset        76 s2 freq    +941 delay   2504
phc2sys[4942055.051]: enp1s0 sys offset       585 s2 freq   +1473 delay   1693
phc2sys[4942056.052]: enp1s0 sys offset        76 s2 freq   +1140 delay   1736
phc2sys[4942057.052]: enp1s0 sys offset      -642 s2 freq    +445 delay   2865
phc2sys[4942058.052]: enp1s0 sys offset       -50 s2 freq    +844 delay   2559
phc2sys[4942059.052]: enp1s0 sys offset        93 s2 freq    +972 delay   2554
phc2sys[4942060.052]: enp1s0 sys offset       540 s2 freq   +1447 delay   1743
phc2sys[4942061.053]: enp1s0 sys offset        82 s2 freq   +1151 delay   1727
phc2sys[4942062.053]: enp1s0 sys offset      -113 s2 freq    +980 delay   1644
phc2sys[4942063.053]: enp1s0 sys offset       -97 s2 freq    +963 delay   1694
phc2sys[4942064.053]: enp1s0 sys offset       -53 s2 freq    +977 delay   1750
phc2sys[4942065.053]: enp1s0 sys offset      -630 s2 freq    +385 delay   2792
phc2sys[4942066.054]: enp1s0 sys offset         9 s2 freq    +835 delay   2867
phc2sys[4942067.054]: enp1s0 sys offset       216 s2 freq   +1044 delay   2533
phc2sys[4942068.054]: enp1s0 sys offset       632 s2 freq   +1525 delay   1699
phc2sys[4942069.054]: enp1s0 sys offset       100 s2 freq   +1183 delay   1732
phc2sys[4942070.054]: enp1s0 sys offset      -644 s2 freq    +469 delay   2877
phc2sys[4942071.055]: enp1s0 sys offset       438 s2 freq   +1357 delay   1679
phc2sys[4942072.055]: enp1s0 sys offset      -445 s2 freq    +606 delay   2879
phc2sys[4942073.055]: enp1s0 sys offset        18 s2 freq    +935 delay   2520
phc2sys[4942074.055]: enp1s0 sys offset        19 s2 freq    +942 delay   2865
phc2sys[4942075.055]: enp1s0 sys offset       627 s2 freq   +1555 delay   1683
phc2sys[4942076.056]: enp1s0 sys offset       186 s2 freq   +1303 delay   1830
phc2sys[4942077.056]: enp1s0 sys offset      -655 s2 freq    +517 delay   2528
phc2sys[4942078.056]: enp1s0 sys offset       308 s2 freq   +1284 delay   1723
phc2sys[4942079.056]: enp1s0 sys offset        35 s2 freq   +1103 delay   1699
phc2sys[4942080.056]: enp1s0 sys offset      -500 s2 freq    +579 delay   2545
phc2sys[4942081.057]: enp1s0 sys offset       -47 s2 freq    +882 delay   2542
phc2sys[4942082.057]: enp1s0 sys offset       541 s2 freq   +1456 delay   1685
phc2sys[4942083.057]: enp1s0 sys offset      -341 s2 freq    +736 delay   2554
phc2sys[4942084.057]: enp1s0 sys offset       412 s2 freq   +1387 delay   1717
phc2sys[4942085.058]: enp1s0 sys offset      -419 s2 freq    +679 delay   2543
phc2sys[4942086.058]: enp1s0 sys offset       388 s2 freq   +1361 delay   1736
phc2sys[4942087.058]: enp1s0 sys offset      -475 s2 freq    +614 delay   2872
phc2sys[4942088.058]: enp1s0 sys offset         0 s2 freq    +946 delay   2511
phc2sys[4942089.058]: enp1s0 sys offset       109 s2 freq   +1055 delay   2554
phc2sys[4942090.059]: enp1s0 sys offset       108 s2 freq   +1087 delay   2554
phc2sys[4942091.059]: enp1s0 sys offset        62 s2 freq   +1074 delay   2556
phc2sys[4942092.059]: enp1s0 sys offset       489 s2 freq   +1519 delay   1736
phc2sys[4942093.059]: enp1s0 sys offset        17 s2 freq   +1194 delay   1723
phc2sys[4942094.059]: enp1s0 sys offset      -594 s2 freq    +588 delay   2542
phc2sys[4942095.059]: enp1s0 sys offset      -140 s2 freq    +864 delay   2505
phc2sys[4942096.060]: enp1s0 sys offset        72 s2 freq   +1034 delay   2546
phc2sys[4942097.060]: enp1s0 sys offset       574 s2 freq   +1557 delay   1756
phc2sys[4942098.060]: enp1s0 sys offset      -393 s2 freq    +763 delay   2550
phc2sys[4942099.060]: enp1s0 sys offset       -96 s2 freq    +942 delay   2564
phc2sys[4942100.060]: enp1s0 sys offset       490 s2 freq   +1499 delay   1756
phc2sys[4942101.061]: enp1s0 sys offset      -387 s2 freq    +769 delay   2555
phc2sys[4942102.061]: enp1s0 sys offset       364 s2 freq   +1404 delay   1664
phc2sys[4942103.061]: enp1s0 sys offset        40 s2 freq   +1189 delay   1713
phc2sys[4942104.061]: enp1s0 sys offset       -72 s2 freq   +1089 delay   1727
phc2sys[4942105.061]: enp1s0 sys offset       -75 s2 freq   +1064 delay   1749
phc2sys[4942106.062]: enp1s0 sys offset       -61 s2 freq   +1056 delay   1696
phc2sys[4942107.062]: enp1s0 sys offset      -506 s2 freq    +593 delay   2562
phc2sys[4942108.062]: enp1s0 sys offset       421 s2 freq   +1368 delay   1647
phc2sys[4942109.062]: enp1s0 sys offset      -302 s2 freq    +771 delay   2549
phc2sys[4942110.062]: enp1s0 sys offset       -81 s2 freq    +901 delay   2890
phc2sys[4942111.063]: enp1s0 sys offset       666 s2 freq   +1624 delay   1692
phc2sys[4942112.063]: enp1s0 sys offset      -328 s2 freq    +830 delay   2558
phc2sys[4942113.063]: enp1s0 sys offset       -70 s2 freq    +990 delay   2538
phc2sys[4942114.063]: enp1s0 sys offset       -27 s2 freq   +1012 delay   2882
phc2sys[4942115.063]: enp1s0 sys offset       134 s2 freq   +1164 delay   2552
phc2sys[4942116.064]: enp1s0 sys offset        49 s2 freq   +1120 delay   2501
phc2sys[4942117.064]: enp1s0 sys offset        73 s2 freq   +1158 delay   2569
phc2sys[4942118.064]: enp1s0 sys offset       476 s2 freq   +1583 delay   1732
phc2sys[4942119.064]: enp1s0 sys offset      -466 s2 freq    +784 delay   2541
phc2sys[4942120.065]: enp1s0 sys offset       305 s2 freq   +1415 delay   1670
phc2sys[4942121.065]: enp1s0 sys offset        34 s2 freq   +1236 delay   1741
phc2sys[4942122.065]: enp1s0 sys offset      -580 s2 freq    +632 delay   2516
phc2sys[4942123.065]: enp1s0 sys offset       -86 s2 freq    +952 delay   2556
phc2sys[4942124.065]: enp1s0 sys offset        87 s2 freq   +1099 delay   2569
phc2sys[4942125.066]: enp1s0 sys offset       568 s2 freq   +1606 delay   1736
phc2sys[4942126.066]: enp1s0 sys offset      -384 s2 freq    +825 delay   2570
phc2sys[4942127.066]: enp1s0 sys offset       -88 s2 freq   +1005 delay   2530
phc2sys[4942128.066]: enp1s0 sys offset        26 s2 freq   +1093 delay   2525
phc2sys[4942129.066]: enp1s0 sys offset       516 s2 freq   +1591 delay   1711
phc2sys[4942130.067]: enp1s0 sys offset        45 s2 freq   +1275 delay   1711
phc2sys[4942131.067]: enp1s0 sys offset      -546 s2 freq    +697 delay   2554
phc2sys[4942132.067]: enp1s0 sys offset      -124 s2 freq    +955 delay   2511
phc2sys[4942133.067]: enp1s0 sys offset        91 s2 freq   +1133 delay   2537
phc2sys[4942134.067]: enp1s0 sys offset        25 s2 freq   +1094 delay   2884
phc2sys[4942135.068]: enp1s0 sys offset       602 s2 freq   +1679 delay   1680
phc2sys[4942136.068]: enp1s0 sys offset      -425 s2 freq    +833 delay   2487
phc2sys[4942137.068]: enp1s0 sys offset       -77 s2 freq   +1053 delay   2537
phc2sys[4942138.068]: enp1s0 sys offset       446 s2 freq   +1553 delay   1655
phc2sys[4942139.068]: enp1s0 sys offset      -454 s2 freq    +787 delay   2875
phc2sys[4942140.069]: enp1s0 sys offset       426 s2 freq   +1531 delay   1672
phc2sys[4942141.069]: enp1s0 sys offset      -417 s2 freq    +815 delay   2537
phc2sys[4942142.069]: enp1s0 sys offset       -65 s2 freq   +1042 delay   2519
phc2sys[4942143.069]: enp1s0 sys offset        80 s2 freq   +1168 delay   2559
phc2sys[4942144.069]: enp1s0 sys offset       514 s2 freq   +1626 delay   1684
phc2sys[4942145.070]: enp1s0 sys offset      -463 s2 freq    +803 delay   2873
phc2sys[4942146.070]: enp1s0 sys offset       438 s2 freq   +1565 delay   1675
phc2sys[4942147.070]: enp1s0 sys offset      -408 s2 freq    +850 delay   2552
phc2sys[4942148.070]: enp1s0 sys offset       376 s2 freq   +1512 delay   1683
phc2sys[4942149.070]: enp1s0 sys offset        68 s2 freq   +1317 delay   1749
phc2sys[4942150.071]: enp1s0 sys offset      -618 s2 freq    +651 delay   2855
phc2sys[4942151.071]: enp1s0 sys offset       457 s2 freq   +1541 delay   1723
phc2sys[4942152.071]: enp1s0 sys offset      -387 s2 freq    +834 delay   2514
phc2sys[4942153.071]: enp1s0 sys offset        -6 s2 freq   +1099 delay   2566
phc2sys[4942154.072]: enp1s0 sys offset        -6 s2 freq   +1097 delay   2882
phc2sys[4942155.072]: enp1s0 sys offset       630 s2 freq   +1731 delay   1706
phc2sys[4942156.072]: enp1s0 sys offset      -378 s2 freq    +912 delay   2538
phc2sys[4942157.072]: enp1s0 sys offset       348 s2 freq   +1525 delay   1694
phc2sys[4942158.072]: enp1s0 sys offset        42 s2 freq   +1323 delay   1710
phc2sys[4942159.073]: enp1s0 sys offset      -562 s2 freq    +732 delay   2515
phc2sys[4942160.073]: enp1s0 sys offset      -100 s2 freq   +1025 delay   2480
phc2sys[4942161.073]: enp1s0 sys offset       122 s2 freq   +1217 delay   2554
phc2sys[4942162.073]: enp1s0 sys offset        30 s2 freq   +1162 delay   2890
phc2sys[4942163.073]: enp1s0 sys offset        94 s2 freq   +1235 delay   2860
phc2sys[4942164.074]: enp1s0 sys offset       122 s2 freq   +1291 delay   2492
phc2sys[4942165.074]: enp1s0 sys offset        85 s2 freq   +1291 delay   2559
phc2sys[4942166.074]: enp1s0 sys offset       478 s2 freq   +1709 delay   1716
phc2sys[4942167.074]: enp1s0 sys offset         1 s2 freq   +1376 delay   1743
phc2sys[4942168.075]: enp1s0 sys offset      -651 s2 freq    +724 delay   2795
phc2sys[4942169.075]: enp1s0 sys offset       335 s2 freq   +1515 delay   1686
phc2sys[4942170.075]: enp1s0 sys offset      -391 s2 freq    +889 delay   2551
phc2sys[4942171.075]: enp1s0 sys offset       -53 s2 freq   +1110 delay   2565
phc2sys[4942172.075]: enp1s0 sys offset       105 s2 freq   +1252 delay   2700
phc2sys[4942173.076]: enp1s0 sys offset       -30 s2 freq   +1148 delay   2882
phc2sys[4942174.076]: enp1s0 sys offset       156 s2 freq   +1325 delay   2527
phc2sys[4942175.076]: enp1s0 sys offset        58 s2 freq   +1274 delay   2526
phc2sys[4942176.076]: enp1s0 sys offset       510 s2 freq   +1744 delay   1700
phc2sys[4942177.077]: enp1s0 sys offset         8 s2 freq   +1395 delay   1728
phc2sys[4942178.077]: enp1s0 sys offset      -150 s2 freq   +1239 delay   1732
phc2sys[4942179.077]: enp1s0 sys offset      -581 s2 freq    +763 delay   2545
phc2sys[4942180.077]: enp1s0 sys offset      -191 s2 freq    +979 delay   2885
phc2sys[4942181.077]: enp1s0 sys offset       162 s2 freq   +1274 delay   2563
phc2sys[4942182.078]: enp1s0 sys offset       146 s2 freq   +1307 delay   2564
phc2sys[4942183.078]: enp1s0 sys offset        79 s2 freq   +1284 delay   2561
phc2sys[4942184.078]: enp1s0 sys offset        31 s2 freq   +1259 delay   2524
phc2sys[4942185.078]: enp1s0 sys offset       504 s2 freq   +1742 delay   1720
phc2sys[4942186.078]: enp1s0 sys offset      -532 s2 freq    +857 delay   2881
phc2sys[4942187.079]: enp1s0 sys offset       -15 s2 freq   +1214 delay   2548
phc2sys[4942188.079]: enp1s0 sys offset       485 s2 freq   +1710 delay   1729
phc2sys[4942189.079]: enp1s0 sys offset        32 s2 freq   +1402 delay   1686
phc2sys[4942190.079]: enp1s0 sys offset      -114 s2 freq   +1266 delay   1714
phc2sys[4942191.080]: enp1s0 sys offset      -108 s2 freq   +1238 delay   1711
phc2sys[4942192.080]: enp1s0 sys offset      -522 s2 freq    +791 delay   2562
phc2sys[4942193.080]: enp1s0 sys offset       -62 s2 freq   +1095 delay   2549
phc2sys[4942194.080]: enp1s0 sys offset       600 s2 freq   +1738 delay   1743
phc2sys[4942195.080]: enp1s0 sys offset      -413 s2 freq    +905 delay   2882
phc2sys[4942196.081]: enp1s0 sys offset       -43 s2 freq   +1151 delay   2879
phc2sys[4942197.081]: enp1s0 sys offset       146 s2 freq   +1327 delay   2501
phc2sys[4942198.081]: enp1s0 sys offset       122 s2 freq   +1347 delay   2551
phc2sys[4942199.081]: enp1s0 sys offset       500 s2 freq   +1762 delay   1673
phc2sys[4942200.081]: enp1s0 sys offset      -515 s2 freq    +897 delay   2879
phc2sys[4942201.082]: enp1s0 sys offset       424 s2 freq   +1681 delay   1674
phc2sys[4942202.082]: enp1s0 sys offset      -401 s2 freq    +983 delay   2540
phc2sys[4942203.082]: enp1s0 sys offset       363 s2 freq   +1627 delay   1741
phc2sys[4942204.082]: enp1s0 sys offset      -495 s2 freq    +878 delay   2871
phc2sys[4942205.083]: enp1s0 sys offset       438 s2 freq   +1663 delay   1673
phc2sys[4942206.083]: enp1s0 sys offset      -372 s2 freq    +984 delay   2556
phc2sys[4942207.083]: enp1s0 sys offset       -60 s2 freq   +1184 delay   2550
phc2sys[4942208.083]: enp1s0 sys offset       -23 s2 freq   +1203 delay   2896
phc2sys[4942209.083]: enp1s0 sys offset       615 s2 freq   +1834 delay   1680
phc2sys[4942210.084]: enp1s0 sys offset        85 s2 freq   +1489 delay   1743
phc2sys[4942211.084]: enp1s0 sys offset      -570 s2 freq    +859 delay   2533
phc2sys[4942212.084]: enp1s0 sys offset      -124 s2 freq   +1134 delay   2507
phc2sys[4942213.084]: enp1s0 sys offset       523 s2 freq   +1744 delay   1746
phc2sys[4942214.085]: enp1s0 sys offset        63 s2 freq   +1441 delay   1702
phc2sys[4942215.085]: enp1s0 sys offset       -54 s2 freq   +1343 delay   1716
phc2sys[4942216.085]: enp1s0 sys offset      -562 s2 freq    +819 delay   2521
phc2sys[4942217.085]: enp1s0 sys offset       -33 s2 freq   +1179 delay   2566
phc2sys[4942218.085]: enp1s0 sys offset       562 s2 freq   +1764 delay   1746
phc2sys[4942219.086]: enp1s0 sys offset      -444 s2 freq    +927 delay   2888
phc2sys[4942220.086]: enp1s0 sys offset         7 s2 freq   +1245 delay   2497
phc2sys[4942221.086]: enp1s0 sys offset       123 s2 freq   +1363 delay   2533
phc2sys[4942222.086]: enp1s0 sys offset       537 s2 freq   +1814 delay   1669
phc2sys[4942223.086]: enp1s0 sys offset        44 s2 freq   +1482 delay   1706
phc2sys[4942224.087]: enp1s0 sys offset      -554 s2 freq    +897 delay   2546
phc2sys[4942225.087]: enp1s0 sys offset       330 s2 freq   +1615 delay   1652
phc2sys[4942226.087]: enp1s0 sys offset      -407 s2 freq    +977 delay   2541
phc2sys[4942227.087]: enp1s0 sys offset       398 s2 freq   +1660 delay   1706
phc2sys[4942228.087]: enp1s0 sys offset      -400 s2 freq    +981 delay   2790
phc2sys[4942229.088]: enp1s0 sys offset       -40 s2 freq   +1221 delay   2530
phc2sys[4942230.088]: enp1s0 sys offset       108 s2 freq   +1357 delay   2555
phc2sys[4942231.088]: enp1s0 sys offset       539 s2 freq   +1821 delay   1681
phc2sys[4942232.088]: enp1s0 sys offset        51 s2 freq   +1494 delay   1676
phc2sys[4942233.088]: enp1s0 sys offset      -100 s2 freq   +1359 delay   1686
phc2sys[4942234.089]: enp1s0 sys offset      -558 s2 freq    +871 delay   2555
phc2sys[4942235.089]: enp1s0 sys offset      -101 s2 freq   +1160 delay   2503
phc2sys[4942236.089]: enp1s0 sys offset       588 s2 freq   +1819 delay   1740
phc2sys[4942237.089]: enp1s0 sys offset       136 s2 freq   +1543 delay   1767
phc2sys[4942238.089]: enp1s0 sys offset      -591 s2 freq    +857 delay   2867
phc2sys[4942239.090]: enp1s0 sys offset       -23 s2 freq   +1248 delay   2539
phc2sys[4942240.090]: enp1s0 sys offset        80 s2 freq   +1344 delay   2541
phc2sys[4942241.090]: enp1s0 sys offset       572 s2 freq   +1860 delay   1698
phc2sys[4942242.090]: enp1s0 sys offset        67 s2 freq   +1526 delay   1672
phc2sys[4942243.090]: enp1s0 sys offset       -84 s2 freq   +1396 delay   1672
phc2sys[4942244.091]: enp1s0 sys offset      -549 s2 freq    +905 delay   2551
phc2sys[4942245.091]: enp1s0 sys offset       -76 s2 freq   +1214 delay   2539
phc2sys[4942246.091]: enp1s0 sys offset        17 s2 freq   +1284 delay   2862
phc2sys[4942247.091]: enp1s0 sys offset       626 s2 freq   +1898 delay   1707
phc2sys[4942248.091]: enp1s0 sys offset       109 s2 freq   +1569 delay   1645
phc2sys[4942249.092]: enp1s0 sys offset      -546 s2 freq    +946 delay   2505
phc2sys[4942250.092]: enp1s0 sys offset       386 s2 freq   +1715 delay   1694
phc2sys[4942251.092]: enp1s0 sys offset        59 s2 freq   +1503 delay   1706
phc2sys[4942252.092]: enp1s0 sys offset      -574 s2 freq    +888 delay   2870
phc2sys[4942253.092]: enp1s0 sys offset        20 s2 freq   +1310 delay   2553
phc2sys[4942254.093]: enp1s0 sys offset        74 s2 freq   +1370 delay   2502
phc2sys[4942255.093]: enp1s0 sys offset        54 s2 freq   +1372 delay   2888
phc2sys[4942256.093]: enp1s0 sys offset       616 s2 freq   +1950 delay   1732
phc2sys[4942257.093]: enp1s0 sys offset      -379 s2 freq   +1140 delay   2549
phc2sys[4942258.093]: enp1s0 sys offset      -126 s2 freq   +1279 delay   2558
phc2sys[4942259.094]: enp1s0 sys offset       555 s2 freq   +1923 delay   1840
phc2sys[4942260.094]: enp1s0 sys offset       -35 s2 freq   +1499 delay   1717
phc2sys[4942261.094]: enp1s0 sys offset      -152 s2 freq   +1372 delay   1708
phc2sys[4942262.094]: enp1s0 sys offset      -569 s2 freq    +909 delay   2513
phc2sys[4942263.095]: enp1s0 sys offset       -46 s2 freq   +1261 delay   2541
phc2sys[4942264.095]: enp1s0 sys offset        82 s2 freq   +1376 delay   2515
phc2sys[4942265.095]: enp1s0 sys offset       604 s2 freq   +1922 delay   1701
phc2sys[4942266.095]: enp1s0 sys offset       105 s2 freq   +1604 delay   1741
phc2sys[4942267.095]: enp1s0 sys offset       -94 s2 freq   +1437 delay   1729
phc2sys[4942268.096]: enp1s0 sys offset      -558 s2 freq    +945 delay   2582
phc2sys[4942269.096]: enp1s0 sys offset       -78 s2 freq   +1257 delay   2551
phc2sys[4942270.096]: enp1s0 sys offset       559 s2 freq   +1871 delay   1699
phc2sys[4942271.096]: enp1s0 sys offset       103 s2 freq   +1583 delay   1694
phc2sys[4942272.096]: enp1s0 sys offset       -57 s2 freq   +1453 delay   1694
phc2sys[4942273.097]: enp1s0 sys offset       -69 s2 freq   +1424 delay   1688
phc2sys[4942274.097]: enp1s0 sys offset      -531 s2 freq    +942 delay   2553
phc2sys[4942275.097]: enp1s0 sys offset       -58 s2 freq   +1255 delay   2510
phc2sys[4942276.097]: enp1s0 sys offset       140 s2 freq   +1436 delay   2551
phc2sys[4942277.097]: enp1s0 sys offset       614 s2 freq   +1952 delay   1731
phc2sys[4942278.098]: enp1s0 sys offset      -379 s2 freq   +1143 delay   2551
phc2sys[4942279.098]: enp1s0 sys offset       -87 s2 freq   +1321 delay   2563
phc2sys[4942280.098]: enp1s0 sys offset        25 s2 freq   +1407 delay   2552
phc2sys[4942281.098]: enp1s0 sys offset       519 s2 freq   +1909 delay   1715
phc2sys[4942282.099]: enp1s0 sys offset        49 s2 freq   +1595 delay   1741
phc2sys[4942283.099]: enp1s0 sys offset      -127 s2 freq   +1433 delay   1677
phc2sys[4942284.099]: enp1s0 sys offset      -559 s2 freq    +963 delay   2548
phc2sys[4942285.099]: enp1s0 sys offset       -72 s2 freq   +1282 delay   2565
phc2sys[4942286.099]: enp1s0 sys offset        65 s2 freq   +1398 delay   2491
phc2sys[4942287.100]: enp1s0 sys offset       590 s2 freq   +1942 delay   1739
phc2sys[4942288.100]: enp1s0 sys offset        86 s2 freq   +1615 delay   1684
phc2sys[4942289.100]: enp1s0 sys offset      -528 s2 freq   +1027 delay   2553
phc2sys[4942290.100]: enp1s0 sys offset      -136 s2 freq   +1261 delay   2512
phc2sys[4942291.100]: enp1s0 sys offset       522 s2 freq   +1878 delay   1666
phc2sys[4942292.101]: enp1s0 sys offset      -425 s2 freq   +1088 delay   2893
phc2sys[4942293.101]: enp1s0 sys offset         9 s2 freq   +1394 delay   2526
phc2sys[4942294.101]: enp1s0 sys offset        93 s2 freq   +1481 delay   2552
phc2sys[4942295.101]: enp1s0 sys offset        41 s2 freq   +1457 delay   2541
phc2sys[4942296.102]: enp1s0 sys offset       529 s2 freq   +1957 delay   1726
phc2sys[4942297.102]: enp1s0 sys offset        30 s2 freq   +1617 delay   1742
phc2sys[4942298.102]: enp1s0 sys offset      -566 s2 freq   +1030 delay   2562
phc2sys[4942299.102]: enp1s0 sys offset      -131 s2 freq   +1295 delay   2548
phc2sys[4942300.102]: enp1s0 sys offset       515 s2 freq   +1902 delay   1749
phc2sys[4942301.103]: enp1s0 sys offset      -395 s2 freq   +1146 delay   2511
phc2sys[4942302.103]: enp1s0 sys offset       -44 s2 freq   +1379 delay   2555
phc2sys[4942303.103]: enp1s0 sys offset       -34 s2 freq   +1375 delay   2888
phc2sys[4942304.103]: enp1s0 sys offset       632 s2 freq   +2031 delay   1753
phc2sys[4942305.104]: enp1s0 sys offset      -396 s2 freq   +1193 delay   2554
phc2sys[4942306.104]: enp1s0 sys offset      -117 s2 freq   +1353 delay   2546
phc2sys[4942307.104]: enp1s0 sys offset       -17 s2 freq   +1418 delay   2528
phc2sys[4942308.104]: enp1s0 sys offset       516 s2 freq   +1946 delay   1700
phc2sys[4942309.104]: enp1s0 sys offset      -490 s2 freq   +1095 delay   2876
phc2sys[4942310.105]: enp1s0 sys offset        -1 s2 freq   +1437 delay   2564
phc2sys[4942311.105]: enp1s0 sys offset         9 s2 freq   +1446 delay   2514
phc2sys[4942312.105]: enp1s0 sys offset        71 s2 freq   +1511 delay   2520
phc2sys[4942313.105]: enp1s0 sys offset        43 s2 freq   +1504 delay   2500
phc2sys[4942314.105]: enp1s0 sys offset       520 s2 freq   +1994 delay   1720
phc2sys[4942315.105]: enp1s0 sys offset        22 s2 freq   +1652 delay   1702
phc2sys[4942316.106]: enp1s0 sys offset      -620 s2 freq   +1017 delay   2508
phc2sys[4942317.106]: enp1s0 sys offset      -117 s2 freq   +1334 delay   2555
phc2sys[4942318.106]: enp1s0 sys offset       521 s2 freq   +1937 delay   1732
phc2sys[4942319.106]: enp1s0 sys offset      -447 s2 freq   +1125 delay   2858
phc2sys[4942320.106]: enp1s0 sys offset        11 s2 freq   +1449 delay   2546
phc2sys[4942321.107]: enp1s0 sys offset        73 s2 freq   +1514 delay   2564
phc2sys[4942322.107]: enp1s0 sys offset       522 s2 freq   +1985 delay   1662
phc2sys[4942323.107]: enp1s0 sys offset        65 s2 freq   +1685 delay   1703
phc2sys[4942324.107]: enp1s0 sys offset      -118 s2 freq   +1521 delay   1738
phc2sys[4942325.107]: enp1s0 sys offset      -601 s2 freq   +1003 delay   2538
phc2sys[4942326.108]: enp1s0 sys offset      -139 s2 freq   +1284 delay   2875
phc2sys[4942327.108]: enp1s0 sys offset       175 s2 freq   +1557 delay   2556
phc2sys[4942328.108]: enp1s0 sys offset        66 s2 freq   +1500 delay   2872
phc2sys[4942329.108]: enp1s0 sys offset       615 s2 freq   +2069 delay   1691
phc2sys[4942330.109]: enp1s0 sys offset      -405 s2 freq   +1234 delay   2553
phc2sys[4942331.109]: enp1s0 sys offset      -122 s2 freq   +1395 delay   2567
phc2sys[4942332.109]: enp1s0 sys offset       457 s2 freq   +1937 delay   1719
phc2sys[4942333.109]: enp1s0 sys offset      -495 s2 freq   +1123 delay   2873
phc2sys[4942334.109]: enp1s0 sys offset       -99 s2 freq   +1370 delay   2878
phc2sys[4942335.110]: enp1s0 sys offset       143 s2 freq   +1582 delay   2539
phc2sys[4942336.110]: enp1s0 sys offset        82 s2 freq   +1564 delay   2543
phc2sys[4942337.110]: enp1s0 sys offset       514 s2 freq   +2021 delay   1750
phc2sys[4942338.110]: enp1s0 sys offset      -452 s2 freq   +1209 delay   2568
phc2sys[4942339.110]: enp1s0 sys offset      -115 s2 freq   +1410 delay   2567
phc2sys[4942340.111]: enp1s0 sys offset       -28 s2 freq   +1463 delay   2528
phc2sys[4942341.111]: enp1s0 sys offset       491 s2 freq   +1974 delay   1696
phc2sys[4942342.111]: enp1s0 sys offset      -466 s2 freq   +1164 delay   2875
phc2sys[4942343.111]: enp1s0 sys offset       -69 s2 freq   +1421 delay   2872
phc2sys[4942344.111]: enp1s0 sys offset        72 s2 freq   +1541 delay   2546
phc2sys[4942345.112]: enp1s0 sys offset       540 s2 freq   +2031 delay   1717
phc2sys[4942346.112]: enp1s0 sys offset        37 s2 freq   +1690 delay   1745
phc2sys[4942347.112]: enp1s0 sys offset      -112 s2 freq   +1552 delay   1687
phc2sys[4942348.112]: enp1s0 sys offset      -629 s2 freq   +1001 delay   2502
phc2sys[4942349.112]: enp1s0 sys offset       -60 s2 freq   +1382 delay   2544
phc2sys[4942350.113]: enp1s0 sys offset        39 s2 freq   +1463 delay   2890
phc2sys[4942351.113]: enp1s0 sys offset        88 s2 freq   +1523 delay   2897
phc2sys[4942352.113]: enp1s0 sys offset       184 s2 freq   +1646 delay   2528
phc2sys[4942353.113]: enp1s0 sys offset        84 s2 freq   +1601 delay   2514
phc2sys[4942354.114]: enp1s0 sys offset        54 s2 freq   +1596 delay   2557
phc2sys[4942355.114]: enp1s0 sys offset       467 s2 freq   +2025 delay   1710
phc2sys[4942356.114]: enp1s0 sys offset       -12 s2 freq   +1687 delay   1681
phc2sys[4942357.114]: enp1s0 sys offset      -615 s2 freq   +1080 delay   2520
phc2sys[4942358.114]: enp1s0 sys offset      -105 s2 freq   +1405 delay   2548
phc2sys[4942359.115]: enp1s0 sys offset       -37 s2 freq   +1442 delay   2860
phc2sys[4942360.115]: enp1s0 sys offset       609 s2 freq   +2077 delay   1732
phc2sys[4942361.115]: enp1s0 sys offset      -397 s2 freq   +1254 delay   2503
phc2sys[4942362.115]: enp1s0 sys offset       -63 s2 freq   +1468 delay   2554
phc2sys[4942363.116]: enp1s0 sys offset       -78 s2 freq   +1435 delay   2891
phc2sys[4942364.116]: enp1s0 sys offset       617 s2 freq   +2106 delay   1682
phc2sys[4942365.116]: enp1s0 sys offset      -375 s2 freq   +1299 delay   2552
phc2sys[4942366.116]: enp1s0 sys offset      -167 s2 freq   +1395 delay   2869
phc2sys[4942367.116]: enp1s0 sys offset        70 s2 freq   +1582 delay   2565
phc2sys[4942368.117]: enp1s0 sys offset        34 s2 freq   +1567 delay   2809
phc2sys[4942369.117]: enp1s0 sys offset       508 s2 freq   +2051 delay   1672
phc2sys[4942370.117]: enp1s0 sys offset      -449 s2 freq   +1246 delay   2884
phc2sys[4942371.117]: enp1s0 sys offset       -61 s2 freq   +1500 delay   2509
phc2sys[4942372.117]: enp1s0 sys offset       485 s2 freq   +2027 delay   1700
phc2sys[4942373.118]: enp1s0 sys offset      -418 s2 freq   +1270 delay   2511
phc2sys[4942374.118]: enp1s0 sys offset      -117 s2 freq   +1445 delay   2851
phc2sys[4942375.118]: enp1s0 sys offset        52 s2 freq   +1579 delay   2525
phc2sys[4942376.118]: enp1s0 sys offset         5 s2 freq   +1548 delay   2882
phc2sys[4942377.119]: enp1s0 sys offset       580 s2 freq   +2124 delay   1685
phc2sys[4942378.119]: enp1s0 sys offset        72 s2 freq   +1790 delay   1697
phc2sys[4942379.119]: enp1s0 sys offset      -618 s2 freq   +1122 delay   2495
phc2sys[4942380.119]: enp1s0 sys offset      -123 s2 freq   +1432 delay   2535
phc2sys[4942381.119]: enp1s0 sys offset       497 s2 freq   +2015 delay   1712
phc2sys[4942382.120]: enp1s0 sys offset      -361 s2 freq   +1306 delay   2561
phc2sys[4942383.120]: enp1s0 sys offset       -87 s2 freq   +1471 delay   2508
phc2sys[4942384.120]: enp1s0 sys offset       513 s2 freq   +2045 delay   1727
phc2sys[4942385.120]: enp1s0 sys offset        76 s2 freq   +1762 delay   1694
phc2sys[4942386.121]: enp1s0 sys offset       -81 s2 freq   +1628 delay   1744
phc2sys[4942387.121]: enp1s0 sys offset      -116 s2 freq   +1569 delay   1686
phc2sys[4942388.121]: enp1s0 sys offset      -540 s2 freq   +1110 delay   2572
phc2sys[4942389.121]: enp1s0 sys offset       423 s2 freq   +1911 delay   1721
phc2sys[4942390.122]: enp1s0 sys offset        96 s2 freq   +1711 delay   1706
phc2sys[4942391.122]: enp1s0 sys offset      -525 s2 freq   +1119 delay   2890
phc2sys[4942392.122]: enp1s0 sys offset       495 s2 freq   +1981 delay   1682
phc2sys[4942393.122]: enp1s0 sys offset      -329 s2 freq   +1306 delay   2554
phc2sys[4942394.122]: enp1s0 sys offset       439 s2 freq   +1975 delay   1666
phc2sys[4942395.123]: enp1s0 sys offset      -407 s2 freq   +1261 delay   2820
phc2sys[4942396.123]: enp1s0 sys offset       -56 s2 freq   +1490 delay   2501
phc2sys[4942397.123]: enp1s0 sys offset       535 s2 freq   +2064 delay   1680
phc2sys[4942398.123]: enp1s0 sys offset      -366 s2 freq   +1323 delay   2548
phc2sys[4942399.124]: enp1s0 sys offset       401 s2 freq   +1980 delay   1784
phc2sys[4942400.124]: enp1s0 sys offset        17 s2 freq   +1717 delay   1747
phc2sys[4942401.124]: enp1s0 sys offset      -512 s2 freq   +1193 delay   2670
phc2sys[4942402.124]: enp1s0 sys offset      -225 s2 freq   +1326 delay   2878
phc2sys[4942403.125]: enp1s0 sys offset       174 s2 freq   +1658 delay   2553
phc2sys[4942404.125]: enp1s0 sys offset        98 s2 freq   +1634 delay   2506
phc2sys[4942405.125]: enp1s0 sys offset       587 s2 freq   +2152 delay   1705
phc2sys[4942406.125]: enp1s0 sys offset        45 s2 freq   +1786 delay   1712
phc2sys[4942407.125]: enp1s0 sys offset      -102 s2 freq   +1653 delay   1746
phc2sys[4942408.126]: enp1s0 sys offset      -141 s2 freq   +1583 delay   1713
phc2sys[4942409.126]: enp1s0 sys offset      -550 s2 freq   +1132 delay   2553
phc2sys[4942410.126]: enp1s0 sys offset       -49 s2 freq   +1468 delay   2566
phc2sys[4942411.126]: enp1s0 sys offset       576 s2 freq   +2078 delay   1746
phc2sys[4942412.126]: enp1s0 sys offset       100 s2 freq   +1775 delay   1667
phc2sys[4942413.127]: enp1s0 sys offset      -478 s2 freq   +1227 delay   2547
phc2sys[4942414.127]: enp1s0 sys offset       -85 s2 freq   +1477 delay   2541
phc2sys[4942415.127]: enp1s0 sys offset       544 s2 freq   +2080 delay   1680
phc2sys[4942416.127]: enp1s0 sys offset       118 s2 freq   +1817 delay   1742
phc2sys[4942417.128]: enp1s0 sys offset       -81 s2 freq   +1654 delay   1706
phc2sys[4942418.128]: enp1s0 sys offset      -555 s2 freq   +1156 delay   2502
phc2sys[4942419.128]: enp1s0 sys offset       -73 s2 freq   +1471 delay   2505
phc2sys[4942420.128]: enp1s0 sys offset       589 s2 freq   +2111 delay   1725
phc2sys[4942421.128]: enp1s0 sys offset      -339 s2 freq   +1360 delay   2517
phc2sys[4942422.129]: enp1s0 sys offset       -24 s2 freq   +1573 delay   2539
phc2sys[4942423.129]: enp1s0 sys offset        79 s2 freq   +1669 delay   2562
phc2sys[4942424.129]: enp1s0 sys offset       507 s2 freq   +2121 delay   1683
phc2sys[4942425.129]: enp1s0 sys offset        61 s2 freq   +1827 delay   1745
phc2sys[4942426.129]: enp1s0 sys offset      -118 s2 freq   +1666 delay   1711
phc2sys[4942427.130]: enp1s0 sys offset      -110 s2 freq   +1639 delay   1649
phc2sys[4942428.130]: enp1s0 sys offset      -553 s2 freq   +1163 delay   2496
phc2sys[4942429.130]: enp1s0 sys offset       422 s2 freq   +1972 delay   1677
phc2sys[4942430.130]: enp1s0 sys offset       132 s2 freq   +1808 delay   1740
phc2sys[4942431.131]: enp1s0 sys offset        -9 s2 freq   +1707 delay   1743
phc2sys[4942432.131]: enp1s0 sys offset       -46 s2 freq   +1667 delay   1706
phc2sys[4942433.131]: enp1s0 sys offset      -530 s2 freq   +1169 delay   2492
phc2sys[4942434.131]: enp1s0 sys offset       446 s2 freq   +1986 delay   1645
phc2sys[4942435.131]: enp1s0 sys offset      -351 s2 freq   +1323 delay   2840
phc2sys[4942436.132]: enp1s0 sys offset        53 s2 freq   +1622 delay   2568
phc2sys[4942437.132]: enp1s0 sys offset       112 s2 freq   +1697 delay   2552
phc2sys[4942438.132]: enp1s0 sys offset       -23 s2 freq   +1595 delay   2802
phc2sys[4942439.132]: enp1s0 sys offset       600 s2 freq   +2212 delay   1689
phc2sys[4942440.132]: enp1s0 sys offset      -459 s2 freq   +1333 delay   2884
phc2sys[4942441.132]: enp1s0 sys offset       448 s2 freq   +2102 delay   1680
phc2sys[4942442.133]: enp1s0 sys offset        14 s2 freq   +1802 delay   1689
phc2sys[4942443.133]: enp1s0 sys offset      -103 s2 freq   +1689 delay   1651
phc2sys[4942444.133]: enp1s0 sys offset      -602 s2 freq   +1160 delay   2847
phc2sys[4942445.133]: enp1s0 sys offset        -1 s2 freq   +1580 delay   2540
phc2sys[4942446.133]: enp1s0 sys offset        75 s2 freq   +1656 delay   2524
phc2sys[4942447.134]: enp1s0 sys offset       119 s2 freq   +1722 delay   2503
phc2sys[4942448.134]: enp1s0 sys offset       536 s2 freq   +2175 delay   1630
phc2sys[4942449.134]: enp1s0 sys offset      -389 s2 freq   +1411 delay   2544
phc2sys[4942450.134]: enp1s0 sys offset      -110 s2 freq   +1573 delay   2546
phc2sys[4942451.135]: enp1s0 sys offset       435 s2 freq   +2085 delay   1616
phc2sys[4942452.135]: enp1s0 sys offset      -384 s2 freq   +1396 delay   2564
phc2sys[4942453.135]: enp1s0 sys offset      -128 s2 freq   +1537 delay   2828
phc2sys[4942454.135]: enp1s0 sys offset         8 s2 freq   +1635 delay   2823
phc2sys[4942455.135]: enp1s0 sys offset        43 s2 freq   +1672 delay   2853
phc2sys[4942456.136]: enp1s0 sys offset       150 s2 freq   +1792 delay   2547
phc2sys[4942457.136]: enp1s0 sys offset        21 s2 freq   +1708 delay   2800
phc2sys[4942458.136]: enp1s0 sys offset       -19 s2 freq   +1674 delay   2857
phc2sys[4942459.136]: enp1s0 sys offset       536 s2 freq   +2224 delay   1691
phc2sys[4942460.136]: enp1s0 sys offset        18 s2 freq   +1867 delay   1734
phc2sys[4942461.137]: enp1s0 sys offset      -660 s2 freq   +1194 delay   2770
phc2sys[4942462.137]: enp1s0 sys offset      -139 s2 freq   +1517 delay   2836
phc2sys[4942463.137]: enp1s0 sys offset       562 s2 freq   +2176 delay   1715
phc2sys[4942464.137]: enp1s0 sys offset      -391 s2 freq   +1392 delay   2492
phc2sys[4942465.137]: enp1s0 sys offset      -101 s2 freq   +1565 delay   2761
phc2sys[4942466.138]: enp1s0 sys offset       105 s2 freq   +1740 delay   2561
phc2sys[4942467.138]: enp1s0 sys offset       537 s2 freq   +2204 delay   1685
phc2sys[4942468.138]: enp1s0 sys offset      -457 s2 freq   +1371 delay   2805
phc2sys[4942469.138]: enp1s0 sys offset      -130 s2 freq   +1561 delay   2773
phc2sys[4942470.138]: enp1s0 sys offset        87 s2 freq   +1739 delay   2560
phc2sys[4942471.138]: enp1s0 sys offset       513 s2 freq   +2191 delay   1668
phc2sys[4942472.139]: enp1s0 sys offset        24 s2 freq   +1856 delay   1686
phc2sys[4942473.139]: enp1s0 sys offset      -658 s2 freq   +1181 delay   2898
phc2sys[4942474.139]: enp1s0 sys offset       -54 s2 freq   +1588 delay   2819
phc2sys[4942475.139]: enp1s0 sys offset        20 s2 freq   +1645 delay   2905
phc2sys[4942476.140]: enp1s0 sys offset       200 s2 freq   +1831 delay   2554
phc2sys[4942477.140]: enp1s0 sys offset       569 s2 freq   +2260 delay   1798
phc2sys[4942478.140]: enp1s0 sys offset        15 s2 freq   +1877 delay   1710
phc2sys[4942479.140]: enp1s0 sys offset      -612 s2 freq   +1255 delay   2540
phc2sys[4942480.140]: enp1s0 sys offset      -215 s2 freq   +1468 delay   2882
phc2sys[4942481.141]: enp1s0 sys offset       606 s2 freq   +2224 delay   1732
phc2sys[4942482.141]: enp1s0 sys offset        78 s2 freq   +1878 delay   1765
phc2sys[4942483.141]: enp1s0 sys offset       -35 s2 freq   +1789 delay   1705
phc2sys[4942484.141]: enp1s0 sys offset       -89 s2 freq   +1724 delay   1683
phc2sys[4942485.141]: enp1s0 sys offset      -135 s2 freq   +1651 delay   1846
phc2sys[4942486.142]: enp1s0 sys offset      -561 s2 freq   +1185 delay   2900
phc2sys[4942487.142]: enp1s0 sys offset        71 s2 freq   +1649 delay   2816
phc2sys[4942488.142]: enp1s0 sys offset       586 s2 freq   +2185 delay   1846
phc2sys[4942489.142]: enp1s0 sys offset      -267 s2 freq   +1508 delay   2516
phc2sys[4942490.142]: enp1s0 sys offset       -23 s2 freq   +1672 delay   2552
phc2sys[4942491.143]: enp1s0 sys offset       508 s2 freq   +2196 delay   1683
phc2sys[4942492.143]: enp1s0 sys offset        66 s2 freq   +1906 delay   1742
phc2sys[4942493.143]: enp1s0 sys offset      -552 s2 freq   +1308 delay   2561
phc2sys[4942494.143]: enp1s0 sys offset      -123 s2 freq   +1571 delay   2531
phc2sys[4942495.143]: enp1s0 sys offset       536 s2 freq   +2193 delay   1756
phc2sys[4942496.144]: enp1s0 sys offset      -486 s2 freq   +1332 delay   2890
phc2sys[4942497.144]: enp1s0 sys offset       -13 s2 freq   +1659 delay   2816
phc2sys[4942498.144]: enp1s0 sys offset       583 s2 freq   +2252 delay   1725
phc2sys[4942499.144]: enp1s0 sys offset       166 s2 freq   +2009 delay   1843
phc2sys[4942500.145]: enp1s0 sys offset      -168 s2 freq   +1725 delay   1682
phc2sys[4942501.145]: enp1s0 sys offset      -136 s2 freq   +1707 delay   1694
phc2sys[4942502.145]: enp1s0 sys offset      -579 s2 freq   +1223 delay   2816
phc2sys[4942503.145]: enp1s0 sys offset       420 s2 freq   +2048 delay   1658
phc2sys[4942504.145]: enp1s0 sys offset      -319 s2 freq   +1435 delay   2505
phc2sys[4942505.146]: enp1s0 sys offset        35 s2 freq   +1694 delay   2559
phc2sys[4942506.146]: enp1s0 sys offset       528 s2 freq   +2197 delay   1666
phc2sys[4942507.146]: enp1s0 sys offset       104 s2 freq   +1932 delay   1718
phc2sys[4942508.146]: enp1s0 sys offset      -541 s2 freq   +1318 delay   2499
phc2sys[4942509.146]: enp1s0 sys offset       -87 s2 freq   +1609 delay   2519
phc2sys[4942510.147]: enp1s0 sys offset        85 s2 freq   +1755 delay   2566
phc2sys[4942511.147]: enp1s0 sys offset       564 s2 freq   +2260 delay   1717
phc2sys[4942512.147]: enp1s0 sys offset        57 s2 freq   +1922 delay   1682
phc2sys[4942513.147]: enp1s0 sys offset      -569 s2 freq   +1313 delay   2520
phc2sys[4942514.148]: enp1s0 sys offset       384 s2 freq   +2095 delay   1747
phc2sys[4942515.148]: enp1s0 sys offset        59 s2 freq   +1886 delay   1755
phc2sys[4942516.148]: enp1s0 sys offset       -74 s2 freq   +1770 delay   1651
phc2sys[4942517.148]: enp1s0 sys offset      -535 s2 freq   +1287 delay   2556
phc2sys[4942518.148]: enp1s0 sys offset       420 s2 freq   +2082 delay   1721
phc2sys[4942519.149]: enp1s0 sys offset      -396 s2 freq   +1392 delay   2788
phc2sys[4942520.149]: enp1s0 sys offset         7 s2 freq   +1676 delay   2508
phc2sys[4942521.149]: enp1s0 sys offset       118 s2 freq   +1789 delay   2532
phc2sys[4942522.149]: enp1s0 sys offset       119 s2 freq   +1825 delay   2571
phc2sys[4942523.149]: enp1s0 sys offset       500 s2 freq   +2242 delay   1719
phc2sys[4942524.150]: enp1s0 sys offset      -535 s2 freq   +1357 delay   2843
phc2sys[4942525.150]: enp1s0 sys offset       476 s2 freq   +2208 delay   1713
phc2sys[4942526.150]: enp1s0 sys offset        52 s2 freq   +1926 delay   1695
phc2sys[4942527.150]: enp1s0 sys offset      -584 s2 freq   +1306 delay   2502
phc2sys[4942528.151]: enp1s0 sys offset       340 s2 freq   +2055 delay   1638
phc2sys[4942529.151]: enp1s0 sys offset        98 s2 freq   +1915 delay   1701
phc2sys[4942530.151]: enp1s0 sys offset       -36 s2 freq   +1810 delay   1732
phc2sys[4942531.151]: enp1s0 sys offset       -59 s2 freq   +1776 delay   1791
phc2sys[4942532.151]: enp1s0 sys offset      -496 s2 freq   +1322 delay   2561
phc2sys[4942533.152]: enp1s0 sys offset       -27 s2 freq   +1642 delay   2541
phc2sys[4942534.152]: enp1s0 sys offset        97 s2 freq   +1758 delay   2523
phc2sys[4942535.152]: enp1s0 sys offset       616 s2 freq   +2306 delay   1750
phc2sys[4942536.152]: enp1s0 sys offset      -402 s2 freq   +1473 delay   2826
phc2sys[4942537.152]: enp1s0 sys offset       -50 s2 freq   +1704 delay   2550
phc2sys[4942538.153]: enp1s0 sys offset         2 s2 freq   +1741 delay   2527
phc2sys[4942539.153]: enp1s0 sys offset         4 s2 freq   +1744 delay   2850
phc2sys[4942540.153]: enp1s0 sys offset       534 s2 freq   +2275 delay   1738
phc2sys[4942541.153]: enp1s0 sys offset       105 s2 freq   +2006 delay   1708
phc2sys[4942542.153]: enp1s0 sys offset       -92 s2 freq   +1841 delay   1748
phc2sys[4942543.154]: enp1s0 sys offset      -640 s2 freq   +1265 delay   2823
phc2sys[4942544.154]: enp1s0 sys offset       -67 s2 freq   +1646 delay   2551
phc2sys[4942545.154]: enp1s0 sys offset        82 s2 freq   +1775 delay   2530
phc2sys[4942546.154]: enp1s0 sys offset         8 s2 freq   +1725 delay   2884
phc2sys[4942547.155]: enp1s0 sys offset       697 s2 freq   +2417 delay   1769
phc2sys[4942548.155]: enp1s0 sys offset      -469 s2 freq   +1460 delay   2887
phc2sys[4942549.155]: enp1s0 sys offset       413 s2 freq   +2201 delay   1694
phc2sys[4942550.155]: enp1s0 sys offset        19 s2 freq   +1931 delay   1683
phc2sys[4942551.155]: enp1s0 sys offset      -116 s2 freq   +1802 delay   1698
phc2sys[4942552.156]: enp1s0 sys offset      -121 s2 freq   +1762 delay   1704
phc2sys[4942553.156]: enp1s0 sys offset      -526 s2 freq   +1321 delay   2545
phc2sys[4942554.156]: enp1s0 sys offset       -28 s2 freq   +1661 delay   2569
phc2sys[4942555.156]: enp1s0 sys offset       572 s2 freq   +2253 delay   1698
phc2sys[4942556.156]: enp1s0 sys offset       115 s2 freq   +1967 delay   1661
phc2sys[4942557.157]: enp1s0 sys offset       -18 s2 freq   +1869 delay   1743
phc2sys[4942558.157]: enp1s0 sys offset      -607 s2 freq   +1274 delay   2863
phc2sys[4942559.157]: enp1s0 sys offset       -20 s2 freq   +1679 delay   2543
phc2sys[4942560.157]: enp1s0 sys offset        74 s2 freq   +1767 delay   2518
phc2sys[4942561.157]: enp1s0 sys offset       617 s2 freq   +2332 delay   1701
phc2sys[4942562.158]: enp1s0 sys offset      -475 s2 freq   +1425 delay   2891
phc2sys[4942563.158]: enp1s0 sys offset       459 s2 freq   +2217 delay   1599
phc2sys[4942564.158]: enp1s0 sys offset        81 s2 freq   +1977 delay   1653
phc2sys[4942565.158]: enp1s0 sys offset      -522 s2 freq   +1398 delay   2553
phc2sys[4942566.158]: enp1s0 sys offset       352 s2 freq   +2115 delay   1704
phc2sys[4942567.159]: enp1s0 sys offset      -475 s2 freq   +1394 delay   2882
phc2sys[4942568.159]: enp1s0 sys offset       -39 s2 freq   +1687 delay   2860
phc2sys[4942569.159]: enp1s0 sys offset       570 s2 freq   +2285 delay   1754
phc2sys[4942570.159]: enp1s0 sys offset       134 s2 freq   +2020 delay   1664
phc2sys[4942571.159]: enp1s0 sys offset      -606 s2 freq   +1320 delay   2898
phc2sys[4942572.160]: enp1s0 sys offset       462 s2 freq   +2206 delay   1750
phc2sys[4942573.160]: enp1s0 sys offset      -440 s2 freq   +1443 delay   2787
phc2sys[4942574.160]: enp1s0 sys offset       -33 s2 freq   +1718 delay   2512
phc2sys[4942575.160]: enp1s0 sys offset       527 s2 freq   +2268 delay   1664
phc2sys[4942576.160]: enp1s0 sys offset      -354 s2 freq   +1545 delay   2555
phc2sys[4942577.161]: enp1s0 sys offset      -156 s2 freq   +1637 delay   2855
phc2sys[4942578.161]: enp1s0 sys offset       513 s2 freq   +2259 delay   1753
phc2sys[4942579.161]: enp1s0 sys offset        96 s2 freq   +1996 delay   1741
phc2sys[4942580.161]: enp1s0 sys offset      -561 s2 freq   +1368 delay   2894
phc2sys[4942581.161]: enp1s0 sys offset       446 s2 freq   +2206 delay   1740
phc2sys[4942582.162]: enp1s0 sys offset        79 s2 freq   +1973 delay   1761
phc2sys[4942583.162]: enp1s0 sys offset       -85 s2 freq   +1833 delay   1649
phc2sys[4942584.162]: enp1s0 sys offset      -536 s2 freq   +1356 delay   2552
phc2sys[4942585.162]: enp1s0 sys offset       -59 s2 freq   +1673 delay   2572
phc2sys[4942586.162]: enp1s0 sys offset       578 s2 freq   +2292 delay   1728
phc2sys[4942587.163]: enp1s0 sys offset       120 s2 freq   +2007 delay   1748
phc2sys[4942588.163]: enp1s0 sys offset       -44 s2 freq   +1879 delay   1738
phc2sys[4942589.163]: enp1s0 sys offset      -156 s2 freq   +1754 delay   1856
phc2sys[4942590.163]: enp1s0 sys offset      -471 s2 freq   +1392 delay   2511
phc2sys[4942591.163]: enp1s0 sys offset       450 s2 freq   +2172 delay   1671
phc2sys[4942592.163]: enp1s0 sys offset      -363 s2 freq   +1494 delay   2820
phc2sys[4942593.164]: enp1s0 sys offset       -27 s2 freq   +1721 delay   2775
phc2sys[4942594.164]: enp1s0 sys offset       130 s2 freq   +1870 delay   2523
phc2sys[4942595.164]: enp1s0 sys offset       535 s2 freq   +2314 delay   1785
phc2sys[4942596.164]: enp1s0 sys offset       103 s2 freq   +2042 delay   1718
phc2sys[4942597.165]: enp1s0 sys offset      -601 s2 freq   +1369 delay   2789
phc2sys[4942598.165]: enp1s0 sys offset       293 s2 freq   +2083 delay   2027
phc2sys[4942599.165]: enp1s0 sys offset      -410 s2 freq   +1468 delay   2844
phc2sys[4942600.165]: enp1s0 sys offset        24 s2 freq   +1779 delay   2509
phc2sys[4942601.165]: enp1s0 sys offset       570 s2 freq   +2332 delay   1691
phc2sys[4942602.166]: enp1s0 sys offset      -422 s2 freq   +1511 delay   2794
phc2sys[4942603.166]: enp1s0 sys offset       398 s2 freq   +2205 delay   1694
phc2sys[4942604.166]: enp1s0 sys offset        50 s2 freq   +1976 delay   1718
phc2sys[4942605.166]: enp1s0 sys offset      -533 s2 freq   +1408 delay   2543
phc2sys[4942606.166]: enp1s0 sys offset      -101 s2 freq   +1680 delay   2561
phc2sys[4942607.167]: enp1s0 sys offset       -24 s2 freq   +1727 delay   2806
phc2sys[4942608.167]: enp1s0 sys offset       661 s2 freq   +2405 delay   1744
phc2sys[4942609.167]: enp1s0 sys offset        93 s2 freq   +2035 delay   1682
phc2sys[4942610.167]: enp1s0 sys offset      -554 s2 freq   +1416 delay   2560
phc2sys[4942611.167]: enp1s0 sys offset       327 s2 freq   +2131 delay   1675
phc2sys[4942612.168]: enp1s0 sys offset         3 s2 freq   +1905 delay   1819
phc2sys[4942613.168]: enp1s0 sys offset      -469 s2 freq   +1434 delay   2538
phc2sys[4942614.168]: enp1s0 sys offset       364 s2 freq   +2126 delay   1833
phc2sys[4942615.168]: enp1s0 sys offset       109 s2 freq   +1980 delay   1683
phc2sys[4942616.168]: enp1s0 sys offset      -574 s2 freq   +1330 delay   2900
phc2sys[4942617.169]: enp1s0 sys offset        18 s2 freq   +1750 delay   2871
phc2sys[4942618.169]: enp1s0 sys offset       604 s2 freq   +2341 delay   1706
phc2sys[4942619.169]: enp1s0 sys offset        81 s2 freq   +1999 delay   1735
phc2sys[4942620.169]: enp1s0 sys offset       -35 s2 freq   +1907 delay   1732
phc2sys[4942621.169]: enp1s0 sys offset       -85 s2 freq   +1847 delay   1672
phc2sys[4942622.170]: enp1s0 sys offset      -579 s2 freq   +1327 delay   2803
phc2sys[4942623.170]: enp1s0 sys offset       -87 s2 freq   +1646 delay   2848
phc2sys[4942624.170]: enp1s0 sys offset       181 s2 freq   +1888 delay   2487
phc2sys[4942625.170]: enp1s0 sys offset       611 s2 freq   +2372 delay   1641
phc2sys[4942626.170]: enp1s0 sys offset       112 s2 freq   +2056 delay   1713
phc2sys[4942627.171]: enp1s0 sys offset       -87 s2 freq   +1891 delay   1700
phc2sys[4942628.171]: enp1s0 sys offset      -631 s2 freq   +1321 delay   2886
phc2sys[4942629.171]: enp1s0 sys offset       -17 s2 freq   +1745 delay   2537
phc2sys[4942630.171]: enp1s0 sys offset       564 s2 freq   +2321 delay   1747
phc2sys[4942631.172]: enp1s0 sys offset        93 s2 freq   +2020 delay   1717
phc2sys[4942632.172]: enp1s0 sys offset      -596 s2 freq   +1358 delay   2882
phc2sys[4942633.172]: enp1s0 sys offset       -50 s2 freq   +1726 delay   2819
phc2sys[4942634.172]: enp1s0 sys offset       107 s2 freq   +1868 delay   2488
phc2sys[4942635.172]: enp1s0 sys offset       575 s2 freq   +2368 delay   1682
phc2sys[4942636.173]: enp1s0 sys offset      -373 s2 freq   +1592 delay   2551
phc2sys[4942637.173]: enp1s0 sys offset       369 s2 freq   +2222 delay   1742
phc2sys[4942638.173]: enp1s0 sys offset       -35 s2 freq   +1929 delay   1736
phc2sys[4942639.173]: enp1s0 sys offset      -559 s2 freq   +1395 delay   2681
phc2sys[4942640.173]: enp1s0 sys offset      -156 s2 freq   +1630 delay   2874
phc2sys[4942641.174]: enp1s0 sys offset       157 s2 freq   +1896 delay   2800
phc2sys[4942642.174]: enp1s0 sys offset        88 s2 freq   +1874 delay   2845
phc2sys[4942643.174]: enp1s0 sys offset       163 s2 freq   +1976 delay   2557
phc2sys[4942644.174]: enp1s0 sys offset        19 s2 freq   +1880 delay   2498
phc2sys[4942645.175]: enp1s0 sys offset       487 s2 freq   +2354 delay   1682
phc2sys[4942646.175]: enp1s0 sys offset        16 s2 freq   +2029 delay   1750
phc2sys[4942647.175]: enp1s0 sys offset      -708 s2 freq   +1310 delay   2892
phc2sys[4942648.175]: enp1s0 sys offset       389 s2 freq   +2195 delay   1655
phc2sys[4942649.175]: enp1s0 sys offset      -377 s2 freq   +1545 delay   2556
phc2sys[4942650.175]: enp1s0 sys offset       -61 s2 freq   +1748 delay   2560
phc2sys[4942651.175]: enp1s0 sys offset        38 s2 freq   +1829 delay   2530
phc2sys[4942652.176]: enp1s0 sys offset       554 s2 freq   +2356 delay   1745
phc2sys[4942653.176]: enp1s0 sys offset        56 s2 freq   +2025 delay   1747
phc2sys[4942654.176]: enp1s0 sys offset       -96 s2 freq   +1889 delay   1728
phc2sys[4942655.176]: enp1s0 sys offset      -596 s2 freq   +1361 delay   2513
phc2sys[4942656.177]: enp1s0 sys offset       -95 s2 freq   +1683 delay   2527
phc2sys[4942657.177]: enp1s0 sys offset       103 s2 freq   +1852 delay   2550
phc2sys[4942658.177]: enp1s0 sys offset        33 s2 freq   +1813 delay   2898
phc2sys[4942659.177]: enp1s0 sys offset       189 s2 freq   +1979 delay   2541
phc2sys[4942660.177]: enp1s0 sys offset        55 s2 freq   +1902 delay   2498
phc2sys[4942661.178]: enp1s0 sys offset       510 s2 freq   +2373 delay   1708
phc2sys[4942662.178]: enp1s0 sys offset        27 s2 freq   +2043 delay   1745
phc2sys[4942663.178]: enp1s0 sys offset      -156 s2 freq   +1868 delay   1661
phc2sys[4942664.178]: enp1s0 sys offset      -610 s2 freq   +1368 delay   2551
phc2sys[4942665.178]: enp1s0 sys offset       373 s2 freq   +2168 delay   1743
phc2sys[4942666.179]: enp1s0 sys offset        67 s2 freq   +1973 delay   1655
phc2sys[4942667.179]: enp1s0 sys offset      -506 s2 freq   +1421 delay   2848
phc2sys[4942668.179]: enp1s0 sys offset       -15 s2 freq   +1760 delay   2558
phc2sys[4942669.179]: enp1s0 sys offset       519 s2 freq   +2289 delay   1723
phc2sys[4942670.179]: enp1s0 sys offset       153 s2 freq   +2079 delay   1709
phc2sys[4942671.180]: enp1s0 sys offset      -544 s2 freq   +1428 delay   2796
phc2sys[4942672.180]: enp1s0 sys offset       -83 s2 freq   +1726 delay   2785
phc2sys[4942673.180]: enp1s0 sys offset       551 s2 freq   +2335 delay   1650
phc2sys[4942674.180]: enp1s0 sys offset        53 s2 freq   +2002 delay   1692
phc2sys[4942675.181]: enp1s0 sys offset         9 s2 freq   +1974 delay   1698
phc2sys[4942676.181]: enp1s0 sys offset      -574 s2 freq   +1394 delay   2823
phc2sys[4942677.181]: enp1s0 sys offset       417 s2 freq   +2212 delay   1737
phc2sys[4942678.181]: enp1s0 sys offset      -393 s2 freq   +1528 delay   2501
phc2sys[4942679.182]: enp1s0 sys offset       427 s2 freq   +2230 delay   1749
phc2sys[4942680.182]: enp1s0 sys offset       133 s2 freq   +2064 delay   1646
phc2sys[4942681.182]: enp1s0 sys offset        -8 s2 freq   +1963 delay   1721
phc2sys[4942682.182]: enp1s0 sys offset      -541 s2 freq   +1427 delay   2557
phc2sys[4942683.182]: enp1s0 sys offset       380 s2 freq   +2186 delay   1662
phc2sys[4942684.183]: enp1s0 sys offset      -457 s2 freq   +1463 delay   2896
phc2sys[4942685.183]: enp1s0 sys offset       541 s2 freq   +2324 delay   1743
phc2sys[4942686.183]: enp1s0 sys offset      -365 s2 freq   +1580 delay   2804
phc2sys[4942687.183]: enp1s0 sys offset       467 s2 freq   +2303 delay   1719
phc2sys[4942688.184]: enp1s0 sys offset      -389 s2 freq   +1587 delay   2548
phc2sys[4942689.184]: enp1s0 sys offset      -117 s2 freq   +1742 delay   2880
phc2sys[4942690.184]: enp1s0 sys offset       524 s2 freq   +2348 delay   1734
phc2sys[4942691.184]: enp1s0 sys offset       131 s2 freq   +2112 delay   1713
phc2sys[4942692.184]: enp1s0 sys offset      -619 s2 freq   +1401 delay   2885
phc2sys[4942693.185]: enp1s0 sys offset       427 s2 freq   +2262 delay   1621
phc2sys[4942694.185]: enp1s0 sys offset      -345 s2 freq   +1618 delay   2550
phc2sys[4942695.185]: enp1s0 sys offset       412 s2 freq   +2271 delay   1706
phc2sys[4942696.185]: enp1s0 sys offset        23 s2 freq   +2006 delay   1717
phc2sys[4942697.185]: enp1s0 sys offset       -23 s2 freq   +1967 delay   1759
phc2sys[4942698.185]: enp1s0 sys offset      -543 s2 freq   +1440 delay   2545
phc2sys[4942699.186]: enp1s0 sys offset       323 s2 freq   +2143 delay   1745
phc2sys[4942700.186]: enp1s0 sys offset       140 s2 freq   +2057 delay   1742
phc2sys[4942701.186]: enp1s0 sys offset         2 s2 freq   +1961 delay   1741
phc2sys[4942702.186]: enp1s0 sys offset       -54 s2 freq   +1906 delay   1694
phc2sys[4942703.186]: enp1s0 sys offset      -502 s2 freq   +1441 delay   2543
phc2sys[4942704.186]: enp1s0 sys offset       -37 s2 freq   +1756 delay   2546
phc2sys[4942705.187]: enp1s0 sys offset       589 s2 freq   +2371 delay   1680
phc2sys[4942706.187]: enp1s0 sys offset       150 s2 freq   +2108 delay   1729
phc2sys[4942707.187]: enp1s0 sys offset       -44 s2 freq   +1959 delay   1724
phc2sys[4942708.187]: enp1s0 sys offset      -521 s2 freq   +1469 delay   2565
phc2sys[4942709.187]: enp1s0 sys offset       -49 s2 freq   +1785 delay   2551
phc2sys[4942710.188]: enp1s0 sys offset        89 s2 freq   +1908 delay   2569
phc2sys[4942711.188]: enp1s0 sys offset       546 s2 freq   +2392 delay   1663
phc2sys[4942712.188]: enp1s0 sys offset        91 s2 freq   +2101 delay   1718
phc2sys[4942713.188]: enp1s0 sys offset       -91 s2 freq   +1946 delay   1685
phc2sys[4942714.188]: enp1s0 sys offset      -569 s2 freq   +1441 delay   2490
phc2sys[4942715.189]: enp1s0 sys offset       392 s2 freq   +2231 delay   1679
phc2sys[4942716.189]: enp1s0 sys offset       113 s2 freq   +2070 delay   1721
phc2sys[4942717.189]: enp1s0 sys offset      -550 s2 freq   +1440 delay   2764
phc2sys[4942718.189]: enp1s0 sys offset       451 s2 freq   +2276 delay   1641
phc2sys[4942719.189]: enp1s0 sys offset        87 s2 freq   +2048 delay   1707
phc2sys[4942720.189]: enp1s0 sys offset        16 s2 freq   +2003 delay   1681
phc2sys[4942721.190]: enp1s0 sys offset      -520 s2 freq   +1472 delay   2507
phc2sys[4942722.190]: enp1s0 sys offset       -15 s2 freq   +1821 delay   2556
phc2sys[4942723.190]: enp1s0 sys offset        98 s2 freq   +1929 delay   2545
phc2sys[4942724.190]: enp1s0 sys offset        34 s2 freq   +1895 delay   2883
phc2sys[4942725.190]: enp1s0 sys offset        59 s2 freq   +1930 delay   2891
phc2sys[4942726.191]: enp1s0 sys offset       585 s2 freq   +2473 delay   1634
phc2sys[4942727.191]: enp1s0 sys offset      -366 s2 freq   +1698 delay   2565
phc2sys[4942728.191]: enp1s0 sys offset      -159 s2 freq   +1795 delay   2504
phc2sys[4942729.191]: enp1s0 sys offset       453 s2 freq   +2359 delay   1642
phc2sys[4942730.191]: enp1s0 sys offset      -460 s2 freq   +1582 delay   2879
phc2sys[4942731.191]: enp1s0 sys offset       445 s2 freq   +2349 delay   1744
phc2sys[4942732.192]: enp1s0 sys offset      -431 s2 freq   +1607 delay   2538
phc2sys[4942733.192]: enp1s0 sys offset      -125 s2 freq   +1784 delay   2499
phc2sys[4942734.192]: enp1s0 sys offset       514 s2 freq   +2385 delay   1752
phc2sys[4942735.192]: enp1s0 sys offset        85 s2 freq   +2110 delay   1694
phc2sys[4942736.192]: enp1s0 sys offset      -565 s2 freq   +1486 delay   2807
phc2sys[4942737.192]: enp1s0 sys offset       356 s2 freq   +2237 delay   1692
phc2sys[4942738.193]: enp1s0 sys offset      -371 s2 freq   +1617 delay   2571
phc2sys[4942739.193]: enp1s0 sys offset      -143 s2 freq   +1734 delay   2898
phc2sys[4942740.193]: enp1s0 sys offset       118 s2 freq   +1952 delay   2849
phc2sys[4942741.193]: enp1s0 sys offset       563 s2 freq   +2432 delay   1706
phc2sys[4942742.193]: enp1s0 sys offset      -309 s2 freq   +1729 delay   2570
phc2sys[4942743.193]: enp1s0 sys offset      -192 s2 freq   +1753 delay   2896
phc2sys[4942744.194]: enp1s0 sys offset       550 s2 freq   +2438 delay   1652
phc2sys[4942745.194]: enp1s0 sys offset      -374 s2 freq   +1679 delay   2547
phc2sys[4942746.194]: enp1s0 sys offset       357 s2 freq   +2298 delay   1694
phc2sys[4942747.194]: enp1s0 sys offset      -530 s2 freq   +1518 delay   2888
phc2sys[4942748.194]: enp1s0 sys offset       442 s2 freq   +2331 delay   1710
phc2sys[4942749.194]: enp1s0 sys offset      -441 s2 freq   +1580 delay   2844
phc2sys[4942750.195]: enp1s0 sys offset        -3 s2 freq   +1886 delay   2562
phc2sys[4942751.195]: enp1s0 sys offset        65 s2 freq   +1953 delay   2559
phc2sys[4942752.195]: enp1s0 sys offset       506 s2 freq   +2414 delay   1647
phc2sys[4942753.195]: enp1s0 sys offset        53 s2 freq   +2112 delay   1662
phc2sys[4942754.195]: enp1s0 sys offset      -594 s2 freq   +1481 delay   2854
phc2sys[4942755.196]: enp1s0 sys offset       385 s2 freq   +2282 delay   1711
phc2sys[4942756.196]: enp1s0 sys offset      -396 s2 freq   +1617 delay   2544
phc2sys[4942757.196]: enp1s0 sys offset       401 s2 freq   +2295 delay   1708
phc2sys[4942758.196]: enp1s0 sys offset        54 s2 freq   +2068 delay   1698
phc2sys[4942759.196]: enp1s0 sys offset       -52 s2 freq   +1978 delay   1670
phc2sys[4942760.197]: enp1s0 sys offset       -54 s2 freq   +1961 delay   1718
phc2sys[4942761.197]: enp1s0 sys offset       -37 s2 freq   +1962 delay   1678
phc2sys[4942762.197]: enp1s0 sys offset       -78 s2 freq   +1909 delay   1594
phc2sys[4942763.197]: enp1s0 sys offset      -486 s2 freq   +1478 delay   2800
phc2sys[4942764.197]: enp1s0 sys offset       493 s2 freq   +2311 delay   1714
phc2sys[4942765.198]: enp1s0 sys offset      -349 s2 freq   +1617 delay   2787
phc2sys[4942766.198]: enp1s0 sys offset       500 s2 freq   +2361 delay   1666
phc2sys[4942767.198]: enp1s0 sys offset      -367 s2 freq   +1644 delay   2819
phc2sys[4942768.198]: enp1s0 sys offset       412 s2 freq   +2313 delay   1722
phc2sys[4942769.199]: enp1s0 sys offset      -414 s2 freq   +1611 delay   2798
phc2sys[4942770.199]: enp1s0 sys offset       439 s2 freq   +2340 delay   1695
phc2sys[4942771.199]: enp1s0 sys offset        40 s2 freq   +2072 delay   1636
phc2sys[4942772.199]: enp1s0 sys offset       -35 s2 freq   +2009 delay   1652
phc2sys[4942773.199]: enp1s0 sys offset       -68 s2 freq   +1966 delay   1666
phc2sys[4942774.200]: enp1s0 sys offset       -80 s2 freq   +1934 delay   1726
phc2sys[4942775.200]: enp1s0 sys offset      -549 s2 freq   +1441 delay   2893
phc2sys[4942776.200]: enp1s0 sys offset        56 s2 freq   +1881 delay   2842
phc2sys[4942777.200]: enp1s0 sys offset       576 s2 freq   +2418 delay   1685
phc2sys[4942778.201]: enp1s0 sys offset       168 s2 freq   +2182 delay   1745
phc2sys[4942779.201]: enp1s0 sys offset      -472 s2 freq   +1593 delay   2541
phc2sys[4942780.201]: enp1s0 sys offset       386 s2 freq   +2309 delay   1719
phc2sys[4942781.201]: enp1s0 sys offset      -409 s2 freq   +1630 delay   2538
phc2sys[4942782.201]: enp1s0 sys offset       411 s2 freq   +2327 delay   1655
phc2sys[4942783.202]: enp1s0 sys offset        76 s2 freq   +2116 delay   1663
phc2sys[4942784.202]: enp1s0 sys offset      -550 s2 freq   +1512 delay   2809
phc2sys[4942785.202]: enp1s0 sys offset       -54 s2 freq   +1843 delay   2814
phc2sys[4942786.202]: enp1s0 sys offset       129 s2 freq   +2010 delay   2545
phc2sys[4942787.203]: enp1s0 sys offset       552 s2 freq   +2472 delay   1680
phc2sys[4942788.203]: enp1s0 sys offset        79 s2 freq   +2165 delay   1698
phc2sys[4942789.203]: enp1s0 sys offset      -100 s2 freq   +2009 delay   1711
phc2sys[4942790.203]: enp1s0 sys offset      -580 s2 freq   +1499 delay   2545
phc2sys[4942791.203]: enp1s0 sys offset       352 s2 freq   +2257 delay   1664
phc2sys[4942792.204]: enp1s0 sys offset        89 s2 freq   +2100 delay   1673
phc2sys[4942793.204]: enp1s0 sys offset      -500 s2 freq   +1538 delay   2507
phc2sys[4942794.204]: enp1s0 sys offset      -132 s2 freq   +1756 delay   2776
phc2sys[4942795.204]: enp1s0 sys offset       118 s2 freq   +1966 delay   2889
phc2sys[4942796.204]: enp1s0 sys offset       685 s2 freq   +2568 delay   1750
phc2sys[4942797.205]: enp1s0 sys offset      -394 s2 freq   +1695 delay   2811
phc2sys[4942798.205]: enp1s0 sys offset       -54 s2 freq   +1917 delay   2560
phc2sys[4942799.205]: enp1s0 sys offset       -54 s2 freq   +1900 delay   2889
phc2sys[4942800.205]: enp1s0 sys offset        23 s2 freq   +1961 delay   2899
phc2sys[4942801.206]: enp1s0 sys offset       528 s2 freq   +2473 delay   1720
phc2sys[4942802.206]: enp1s0 sys offset      -464 s2 freq   +1640 delay   2959
phc2sys[4942803.206]: enp1s0 sys offset       461 s2 freq   +2425 delay   1690
phc2sys[4942804.206]: enp1s0 sys offset      -477 s2 freq   +1626 delay   2871
phc2sys[4942805.207]: enp1s0 sys offset       430 s2 freq   +2390 delay   1711
phc2sys[4942806.207]: enp1s0 sys offset        51 s2 freq   +2140 delay   1746
phc2sys[4942807.207]: enp1s0 sys offset       -88 s2 freq   +2016 delay   1711
phc2sys[4942808.207]: enp1s0 sys offset      -122 s2 freq   +1955 delay   1632
phc2sys[4942809.207]: enp1s0 sys offset      -503 s2 freq   +1538 delay   2525
phc2sys[4942810.208]: enp1s0 sys offset       -37 s2 freq   +1853 delay   2550
phc2sys[4942811.208]: enp1s0 sys offset        27 s2 freq   +1906 delay   2900
phc2sys[4942812.208]: enp1s0 sys offset       669 s2 freq   +2556 delay   1728
phc2sys[4942813.208]: enp1s0 sys offset      -467 s2 freq   +1621 delay   2872
phc2sys[4942814.208]: enp1s0 sys offset       492 s2 freq   +2440 delay   1635
phc2sys[4942815.209]: enp1s0 sys offset        17 s2 freq   +2112 delay   1685
phc2sys[4942816.209]: enp1s0 sys offset      -474 s2 freq   +1626 delay   2547
phc2sys[4942817.209]: enp1s0 sys offset       370 s2 freq   +2328 delay   1717
phc2sys[4942818.209]: enp1s0 sys offset        62 s2 freq   +2131 delay   1720
phc2sys[4942819.210]: enp1s0 sys offset      -113 s2 freq   +1975 delay   1726
phc2sys[4942820.210]: enp1s0 sys offset       -29 s2 freq   +2025 delay   1720
phc2sys[4942821.210]: enp1s0 sys offset      -641 s2 freq   +1404 delay   2984
phc2sys[4942822.210]: enp1s0 sys offset       126 s2 freq   +1979 delay   2553
phc2sys[4942823.210]: enp1s0 sys offset       139 s2 freq   +2030 delay   2531
phc2sys[4942824.210]: enp1s0 sys offset        97 s2 freq   +2029 delay   2817
phc2sys[4942825.211]: enp1s0 sys offset       579 s2 freq   +2540 delay   1678
phc2sys[4942826.211]: enp1s0 sys offset      -437 s2 freq   +1698 delay   2859
phc2sys[4942827.211]: enp1s0 sys offset       374 s2 freq   +2378 delay   1684
phc2sys[4942828.211]: enp1s0 sys offset        -9 s2 freq   +2107 delay   1620
phc2sys[4942829.211]: enp1s0 sys offset      -600 s2 freq   +1513 delay   2855
phc2sys[4942830.212]: enp1s0 sys offset       428 s2 freq   +2361 delay   1774
phc2sys[4942831.212]: enp1s0 sys offset        70 s2 freq   +2132 delay   1692
phc2sys[4942832.212]: enp1s0 sys offset       -55 s2 freq   +2028 delay   1689
phc2sys[4942833.212]: enp1s0 sys offset      -513 s2 freq   +1553 delay   2563
phc2sys[4942834.212]: enp1s0 sys offset      -112 s2 freq   +1800 delay   2793
phc2sys[4942835.213]: enp1s0 sys offset        60 s2 freq   +1939 delay   2892
phc2sys[4942836.213]: enp1s0 sys offset       174 s2 freq   +2071 delay   2796
phc2sys[4942837.213]: enp1s0 sys offset       621 s2 freq   +2570 delay   1675
phc2sys[4942838.213]: enp1s0 sys offset      -396 s2 freq   +1739 delay   2550
phc2sys[4942839.214]: enp1s0 sys offset       324 s2 freq   +2341 delay   1701
phc2sys[4942840.214]: enp1s0 sys offset        10 s2 freq   +2124 delay   1715
phc2sys[4942841.214]: enp1s0 sys offset      -566 s2 freq   +1551 delay   2546
phc2sys[4942842.214]: enp1s0 sys offset       331 s2 freq   +2278 delay   1600
phc2sys[4942843.214]: enp1s0 sys offset        74 s2 freq   +2120 delay   1709
phc2sys[4942844.214]: enp1s0 sys offset      -496 s2 freq   +1572 delay   2855
phc2sys[4942845.215]: enp1s0 sys offset       457 s2 freq   +2377 delay   1722
phc2sys[4942846.215]: enp1s0 sys offset      -361 s2 freq   +1696 delay   2550
phc2sys[4942847.215]: enp1s0 sys offset       425 s2 freq   +2373 delay   1727
phc2sys[4942848.215]: enp1s0 sys offset      -485 s2 freq   +1591 delay   2882
phc2sys[4942849.215]: enp1s0 sys offset       485 s2 freq   +2415 delay   1689
phc2sys[4942850.216]: enp1s0 sys offset        93 s2 freq   +2169 delay   1681
phc2sys[4942851.216]: enp1s0 sys offset       -88 s2 freq   +2016 delay   1725
phc2sys[4942852.216]: enp1s0 sys offset       -55 s2 freq   +2022 delay   1651
phc2sys[4942853.216]: enp1s0 sys offset       -64 s2 freq   +1997 delay   1627
phc2sys[4942854.216]: enp1s0 sys offset        -9 s2 freq   +2033 delay   1762
phc2sys[4942855.216]: enp1s0 sys offset      -501 s2 freq   +1538 delay   2540
phc2sys[4942856.217]: enp1s0 sys offset       -22 s2 freq   +1867 delay   2567
phc2sys[4942857.217]: enp1s0 sys offset        31 s2 freq   +1913 delay   2892
phc2sys[4942858.217]: enp1s0 sys offset       256 s2 freq   +2147 delay   2569
phc2sys[4942859.217]: enp1s0 sys offset       118 s2 freq   +2086 delay   2533
phc2sys[4942860.217]: enp1s0 sys offset        62 s2 freq   +2066 delay   2527
phc2sys[4942861.218]: enp1s0 sys offset        24 s2 freq   +2046 delay   2543
phc2sys[4942862.218]: enp1s0 sys offset       471 s2 freq   +2500 delay   1763
phc2sys[4942863.218]: enp1s0 sys offset      -571 s2 freq   +1600 delay   2879
phc2sys[4942864.218]: enp1s0 sys offset       -40 s2 freq   +1959 delay   2555
phc2sys[4942865.218]: enp1s0 sys offset       416 s2 freq   +2403 delay   1679
phc2sys[4942866.219]: enp1s0 sys offset        96 s2 freq   +2208 delay   1684
phc2sys[4942867.219]: enp1s0 sys offset      -532 s2 freq   +1609 delay   2554
phc2sys[4942868.219]: enp1s0 sys offset       361 s2 freq   +2342 delay   1801
phc2sys[4942869.219]: enp1s0 sys offset        36 s2 freq   +2126 delay   1758
phc2sys[4942870.219]: enp1s0 sys offset       -72 s2 freq   +2029 delay   1666
phc2sys[4942871.220]: enp1s0 sys offset       -75 s2 freq   +2004 delay   1705
phc2sys[4942872.220]: enp1s0 sys offset       -32 s2 freq   +2024 delay   1720
phc2sys[4942873.220]: enp1s0 sys offset      -496 s2 freq   +1551 delay   2561
phc2sys[4942874.220]: enp1s0 sys offset       -57 s2 freq   +1841 delay   2808
phc2sys[4942875.220]: enp1s0 sys offset       604 s2 freq   +2485 delay   1681
phc2sys[4942876.221]: enp1s0 sys offset       118 s2 freq   +2180 delay   1717
phc2sys[4942877.221]: enp1s0 sys offset        25 s2 freq   +2123 delay   1745
phc2sys[4942878.221]: enp1s0 sys offset      -617 s2 freq   +1488 delay   2786
phc2sys[4942879.221]: enp1s0 sys offset       462 s2 freq   +2382 delay   1654
phc2sys[4942880.222]: enp1s0 sys offset      -329 s2 freq   +1730 delay   2575
phc2sys[4942881.222]: enp1s0 sys offset       430 s2 freq   +2390 delay   1717
phc2sys[4942882.222]: enp1s0 sys offset      -402 s2 freq   +1687 delay   2515
phc2sys[4942883.222]: enp1s0 sys offset      -108 s2 freq   +1860 delay   2863
phc2sys[4942884.222]: enp1s0 sys offset       135 s2 freq   +2071 delay   2563
phc2sys[4942885.222]: enp1s0 sys offset        97 s2 freq   +2073 delay   2544
phc2sys[4942886.223]: enp1s0 sys offset         3 s2 freq   +2008 delay   2860
phc2sys[4942887.223]: enp1s0 sys offset       -21 s2 freq   +1985 delay   2791
phc2sys[4942888.223]: enp1s0 sys offset       109 s2 freq   +2109 delay   2514
phc2sys[4942889.223]: enp1s0 sys offset        38 s2 freq   +2071 delay   2518
phc2sys[4942890.223]: enp1s0 sys offset        23 s2 freq   +2067 delay   2536
phc2sys[4942891.224]: enp1s0 sys offset       328 s2 freq   +2379 delay   1886
phc2sys[4942892.224]: enp1s0 sys offset      -455 s2 freq   +1694 delay   2870
phc2sys[4942893.224]: enp1s0 sys offset       -57 s2 freq   +1956 delay   2857
phc2sys[4942894.224]: enp1s0 sys offset       562 s2 freq   +2558 delay   1672
phc2sys[4942895.224]: enp1s0 sys offset        32 s2 freq   +2196 delay   1644
phc2sys[4942896.225]: enp1s0 sys offset      -118 s2 freq   +2056 delay   1693
phc2sys[4942897.225]: enp1s0 sys offset      -134 s2 freq   +2005 delay   1668
phc2sys[4942898.225]: enp1s0 sys offset       -70 s2 freq   +2028 delay   1788
phc2sys[4942899.225]: enp1s0 sys offset      -529 s2 freq   +1548 delay   2545
phc2sys[4942900.225]: enp1s0 sys offset       359 s2 freq   +2278 delay   1792
phc2sys[4942901.225]: enp1s0 sys offset      -329 s2 freq   +1697 delay   2791
phc2sys[4942902.226]: enp1s0 sys offset        49 s2 freq   +1977 delay   2549
phc2sys[4942903.226]: enp1s0 sys offset        72 s2 freq   +2014 delay   2486
phc2sys[4942904.226]: enp1s0 sys offset       579 s2 freq   +2543 delay   1705
phc2sys[4942905.226]: enp1s0 sys offset        71 s2 freq   +2209 delay   1713
phc2sys[4942906.226]: enp1s0 sys offset      -580 s2 freq   +1579 delay   2508
phc2sys[4942907.227]: enp1s0 sys offset       -82 s2 freq   +1903 delay   2570
phc2sys[4942908.227]: enp1s0 sys offset       483 s2 freq   +2443 delay   1694
phc2sys[4942909.227]: enp1s0 sys offset       112 s2 freq   +2217 delay   1692
phc2sys[4942910.227]: enp1s0 sys offset       -69 s2 freq   +2070 delay   1690
phc2sys[4942911.227]: enp1s0 sys offset      -108 s2 freq   +2010 delay   1655
phc2sys[4942912.228]: enp1s0 sys offset      -515 s2 freq   +1571 delay   2526
phc2sys[4942913.228]: enp1s0 sys offset       431 s2 freq   +2362 delay   1676
phc2sys[4942914.228]: enp1s0 sys offset       119 s2 freq   +2180 delay   1689
phc2sys[4942915.228]: enp1s0 sys offset      -471 s2 freq   +1625 delay   2534
phc2sys[4942916.228]: enp1s0 sys offset       422 s2 freq   +2377 delay   1731
phc2sys[4942917.229]: enp1s0 sys offset      -465 s2 freq   +1617 delay   2792
phc2sys[4942918.229]: enp1s0 sys offset        75 s2 freq   +2017 delay   2572
phc2sys[4942919.229]: enp1s0 sys offset        33 s2 freq   +1998 delay   2884
phc2sys[4942920.229]: enp1s0 sys offset       160 s2 freq   +2135 delay   2574
phc2sys[4942921.229]: enp1s0 sys offset       526 s2 freq   +2549 delay   1664
phc2sys[4942922.230]: enp1s0 sys offset        35 s2 freq   +2215 delay   1754
phc2sys[4942923.230]: enp1s0 sys offset      -628 s2 freq   +1563 delay   2818
phc2sys[4942924.230]: enp1s0 sys offset       221 s2 freq   +2223 delay   1879
phc2sys[4942925.230]: enp1s0 sys offset      -295 s2 freq   +1774 delay   2522
phc2sys[4942926.230]: enp1s0 sys offset       435 s2 freq   +2415 delay   1713
phc2sys[4942927.231]: enp1s0 sys offset        39 s2 freq   +2150 delay   1765
phc2sys[4942928.231]: enp1s0 sys offset      -532 s2 freq   +1590 delay   2820
phc2sys[4942929.231]: enp1s0 sys offset       -15 s2 freq   +1948 delay   2555
phc2sys[4942930.231]: enp1s0 sys offset       538 s2 freq   +2496 delay   1791
phc2sys[4942931.231]: enp1s0 sys offset        66 s2 freq   +2186 delay   1698
phc2sys[4942932.232]: enp1s0 sys offset      -541 s2 freq   +1599 delay   2833
phc2sys[4942933.232]: enp1s0 sys offset       350 s2 freq   +2327 delay   1740
phc2sys[4942934.232]: enp1s0 sys offset      -337 s2 freq   +1745 delay   2551
phc2sys[4942935.232]: enp1s0 sys offset       -69 s2 freq   +1912 delay   2510
phc2sys[4942936.232]: enp1s0 sys offset       540 s2 freq   +2500 delay   1657
phc2sys[4942937.233]: enp1s0 sys offset      -399 s2 freq   +1723 delay   2793
phc2sys[4942938.233]: enp1s0 sys offset       -59 s2 freq   +1944 delay   2835
phc2sys[4942939.233]: enp1s0 sys offset       520 s2 freq   +2505 delay   1663
phc2sys[4942940.233]: enp1s0 sys offset        37 s2 freq   +2178 delay   1746
phc2sys[4942941.233]: enp1s0 sys offset      -540 s2 freq   +1612 delay   2831
phc2sys[4942942.234]: enp1s0 sys offset      -197 s2 freq   +1793 delay   2942
phc2sys[4942943.234]: enp1s0 sys offset       124 s2 freq   +2055 delay   2863
phc2sys[4942944.234]: enp1s0 sys offset       611 s2 freq   +2579 delay   1744
phc2sys[4942945.234]: enp1s0 sys offset      -366 s2 freq   +1786 delay   2499
phc2sys[4942946.234]: enp1s0 sys offset       393 s2 freq   +2435 delay   1733
phc2sys[4942947.235]: enp1s0 sys offset      -540 s2 freq   +1620 delay   2815
phc2sys[4942948.235]: enp1s0 sys offset       425 s2 freq   +2423 delay   1643
phc2sys[4942949.235]: enp1s0 sys offset        82 s2 freq   +2207 delay   1724
phc2sys[4942950.235]: enp1s0 sys offset      -552 s2 freq   +1598 delay   2512
phc2sys[4942951.235]: enp1s0 sys offset      -104 s2 freq   +1880 delay   2849
phc2sys[4942952.236]: enp1s0 sys offset         1 s2 freq   +1954 delay   2795
phc2sys[4942953.236]: enp1s0 sys offset       176 s2 freq   +2129 delay   2835
phc2sys[4942954.236]: enp1s0 sys offset       530 s2 freq   +2536 delay   1755
phc2sys[4942955.236]: enp1s0 sys offset      -356 s2 freq   +1809 delay   2556
phc2sys[4942956.236]: enp1s0 sys offset      -128 s2 freq   +1930 delay   2500
phc2sys[4942957.236]: enp1s0 sys offset       431 s2 freq   +2451 delay   1741
phc2sys[4942958.237]: enp1s0 sys offset      -470 s2 freq   +1679 delay   2818
phc2sys[4942959.237]: enp1s0 sys offset        -9 s2 freq   +1999 delay   2551
phc2sys[4942960.237]: enp1s0 sys offset        38 s2 freq   +2043 delay   2539
phc2sys[4942961.237]: enp1s0 sys offset       490 s2 freq   +2507 delay   1697
phc2sys[4942962.237]: enp1s0 sys offset      -469 s2 freq   +1695 delay   2882
phc2sys[4942963.238]: enp1s0 sys offset       -16 s2 freq   +2007 delay   2559
phc2sys[4942964.238]: enp1s0 sys offset        18 s2 freq   +2036 delay   2550
phc2sys[4942965.238]: enp1s0 sys offset        46 s2 freq   +2070 delay   2556
phc2sys[4942966.238]: enp1s0 sys offset       459 s2 freq   +2497 delay   1592
phc2sys[4942967.238]: enp1s0 sys offset        51 s2 freq   +2226 delay   1753
phc2sys[4942968.239]: enp1s0 sys offset      -607 s2 freq   +1584 delay   2841
phc2sys[4942969.239]: enp1s0 sys offset      -100 s2 freq   +1908 delay   2538
phc2sys[4942970.239]: enp1s0 sys offset        62 s2 freq   +2040 delay   2572
phc2sys[4942971.239]: enp1s0 sys offset        89 s2 freq   +2086 delay   2575
phc2sys[4942972.239]: enp1s0 sys offset       515 s2 freq   +2539 delay   1688
phc2sys[4942973.240]: enp1s0 sys offset      -432 s2 freq   +1746 delay   2560
phc2sys[4942974.240]: enp1s0 sys offset      -135 s2 freq   +1914 delay   2526
phc2sys[4942975.240]: enp1s0 sys offset         2 s2 freq   +2010 delay   2497
phc2sys[4942976.240]: enp1s0 sys offset       543 s2 freq   +2552 delay   1735
phc2sys[4942977.240]: enp1s0 sys offset        39 s2 freq   +2211 delay   1704
phc2sys[4942978.240]: enp1s0 sys offset      -132 s2 freq   +2051 delay   1789
phc2sys[4942979.241]: enp1s0 sys offset      -533 s2 freq   +1611 delay   2565
phc2sys[4942980.241]: enp1s0 sys offset       347 s2 freq   +2331 delay   1720
phc2sys[4942981.241]: enp1s0 sys offset        38 s2 freq   +2126 delay   1660
phc2sys[4942982.241]: enp1s0 sys offset        45 s2 freq   +2144 delay   1718
phc2sys[4942983.241]: enp1s0 sys offset      -117 s2 freq   +1996 delay   1948
phc2sys[4942984.241]: enp1s0 sys offset        27 s2 freq   +2105 delay   1665
phc2sys[4942985.242]: enp1s0 sys offset         3 s2 freq   +2089 delay   1694
phc2sys[4942986.242]: enp1s0 sys offset      -486 s2 freq   +1601 delay   2544
phc2sys[4942987.242]: enp1s0 sys offset       367 s2 freq   +2308 delay   1689
phc2sys[4942988.242]: enp1s0 sys offset      -356 s2 freq   +1695 delay   2820
phc2sys[4942989.242]: enp1s0 sys offset       577 s2 freq   +2521 delay   1692
phc2sys[4942990.243]: enp1s0 sys offset       118 s2 freq   +2235 delay   1662
phc2sys[4942991.243]: enp1s0 sys offset       -56 s2 freq   +2097 delay   1690
phc2sys[4942992.243]: enp1s0 sys offset      -602 s2 freq   +1534 delay   2809
phc2sys[4942993.243]: enp1s0 sys offset       573 s2 freq   +2528 delay   1969
phc2sys[4942994.243]: enp1s0 sys offset      -521 s2 freq   +1606 delay   2836
phc2sys[4942995.244]: enp1s0 sys offset         2 s2 freq   +1973 delay   2554
phc2sys[4942996.244]: enp1s0 sys offset       517 s2 freq   +2489 delay   1725
phc2sys[4942997.244]: enp1s0 sys offset       150 s2 freq   +2277 delay   1762
phc2sys[4942998.244]: enp1s0 sys offset      -561 s2 freq   +1611 delay   2817
phc2sys[4942999.244]: enp1s0 sys offset       349 s2 freq   +2352 delay   1698
phc2sys[4943000.244]: enp1s0 sys offset      -353 s2 freq   +1755 delay   2531
phc2sys[4943001.245]: enp1s0 sys offset       459 s2 freq   +2461 delay   1747
phc2sys[4943002.245]: enp1s0 sys offset        77 s2 freq   +2217 delay   1705
phc2sys[4943003.245]: enp1s0 sys offset      -566 s2 freq   +1597 delay   2845
phc2sys[4943004.245]: enp1s0 sys offset       -23 s2 freq   +1970 delay   2556
phc2sys[4943005.245]: enp1s0 sys offset       506 s2 freq   +2492 delay   1717
phc2sys[4943006.246]: enp1s0 sys offset      -390 s2 freq   +1748 delay   2899
phc2sys[4943007.246]: enp1s0 sys offset        -7 s2 freq   +2014 delay   2821
phc2sys[4943008.246]: enp1s0 sys offset       571 s2 freq   +2590 delay   1704
phc2sys[4943009.246]: enp1s0 sys offset      -393 s2 freq   +1797 delay   2574
phc2sys[4943010.247]: enp1s0 sys offset      -103 s2 freq   +1969 delay   2550
phc2sys[4943011.247]: enp1s0 sys offset       435 s2 freq   +2476 delay   1756
phc2sys[4943012.247]: enp1s0 sys offset      -404 s2 freq   +1768 delay   2859
phc2sys[4943013.247]: enp1s0 sys offset       -22 s2 freq   +2029 delay   2554
phc2sys[4943014.247]: enp1s0 sys offset        32 s2 freq   +2076 delay   2531
phc2sys[4943015.248]: enp1s0 sys offset       499 s2 freq   +2553 delay   1714
phc2sys[4943016.248]: enp1s0 sys offset        36 s2 freq   +2239 delay   1688
phc2sys[4943017.248]: enp1s0 sys offset       -86 s2 freq   +2128 delay   1675
phc2sys[4943018.248]: enp1s0 sys offset      -571 s2 freq   +1617 delay   2547
phc2sys[4943019.248]: enp1s0 sys offset      -118 s2 freq   +1899 delay   2497
phc2sys[4943020.248]: enp1s0 sys offset       576 s2 freq   +2558 delay   1677
phc2sys[4943021.249]: enp1s0 sys offset       108 s2 freq   +2263 delay   1684
phc2sys[4943022.249]: enp1s0 sys offset      -507 s2 freq   +1680 delay   2545
phc2sys[4943023.249]: enp1s0 sys offset       -83 s2 freq   +1952 delay   2545
phc2sys[4943024.249]: enp1s0 sys offset         2 s2 freq   +2012 delay   2860
phc2sys[4943025.249]: enp1s0 sys offset       621 s2 freq   +2632 delay   1701
phc2sys[4943026.250]: enp1s0 sys offset        56 s2 freq   +2253 delay   1729
phc2sys[4943027.250]: enp1s0 sys offset       -52 s2 freq   +2162 delay   1680
phc2sys[4943028.250]: enp1s0 sys offset      -666 s2 freq   +1532 delay   2887
phc2sys[4943029.250]: enp1s0 sys offset       444 s2 freq   +2442 delay   1630
phc2sys[4943030.250]: enp1s0 sys offset      -371 s2 freq   +1760 delay   2851
phc2sys[4943031.251]: enp1s0 sys offset       -18 s2 freq   +2002 delay   2502
phc2sys[4943032.251]: enp1s0 sys offset       523 s2 freq   +2538 delay   1720
phc2sys[4943033.251]: enp1s0 sys offset      -313 s2 freq   +1859 delay   2565
phc2sys[4943034.251]: enp1s0 sys offset       378 s2 freq   +2456 delay   1684
phc2sys[4943035.251]: enp1s0 sys offset        56 s2 freq   +2247 delay   1687
phc2sys[4943036.252]: enp1s0 sys offset       -90 s2 freq   +2118 delay   1709
phc2sys[4943037.252]: enp1s0 sys offset      -567 s2 freq   +1614 delay   2538
phc2sys[4943038.252]: enp1s0 sys offset       381 s2 freq   +2392 delay   1645
phc2sys[4943039.252]: enp1s0 sys offset       119 s2 freq   +2244 delay   1743
phc2sys[4943040.252]: enp1s0 sys offset       -31 s2 freq   +2130 delay   1732
phc2sys[4943041.253]: enp1s0 sys offset      -501 s2 freq   +1651 delay   2550
phc2sys[4943042.253]: enp1s0 sys offset       420 s2 freq   +2421 delay   1706
phc2sys[4943043.253]: enp1s0 sys offset      -463 s2 freq   +1664 delay   2895
phc2sys[4943044.253]: enp1s0 sys offset       522 s2 freq   +2510 delay   1717
phc2sys[4943045.253]: enp1s0 sys offset      -314 s2 freq   +1831 delay   2501
phc2sys[4943046.254]: enp1s0 sys offset        -4 s2 freq   +2047 delay   2558
phc2sys[4943047.254]: enp1s0 sys offset       466 s2 freq   +2516 delay   1794
phc2sys[4943048.254]: enp1s0 sys offset      -380 s2 freq   +1809 delay   2836
phc2sys[4943049.254]: enp1s0 sys offset       -84 s2 freq   +1991 delay   2836
phc2sys[4943050.254]: enp1s0 sys offset       535 s2 freq   +2585 delay   1720
phc2sys[4943051.255]: enp1s0 sys offset      -354 s2 freq   +1857 delay   2556
phc2sys[4943052.255]: enp1s0 sys offset       350 s2 freq   +2454 delay   1718
phc2sys[4943053.255]: enp1s0 sys offset       -21 s2 freq   +2188 delay   1732
phc2sys[4943054.255]: enp1s0 sys offset      -534 s2 freq   +1669 delay   2844
phc2sys[4943055.256]: enp1s0 sys offset       411 s2 freq   +2454 delay   1677
phc2sys[4943056.256]: enp1s0 sys offset      -406 s2 freq   +1760 delay   2511
phc2sys[4943057.256]: enp1s0 sys offset      -118 s2 freq   +1926 delay   2821
phc2sys[4943058.256]: enp1s0 sys offset       172 s2 freq   +2181 delay   2557
phc2sys[4943059.256]: enp1s0 sys offset       560 s2 freq   +2621 delay   1644
phc2sys[4943060.257]: enp1s0 sys offset        69 s2 freq   +2298 delay   1717
phc2sys[4943061.257]: enp1s0 sys offset      -651 s2 freq   +1598 delay   2898
phc2sys[4943062.257]: enp1s0 sys offset       409 s2 freq   +2463 delay   1664
phc2sys[4943063.257]: enp1s0 sys offset      -391 s2 freq   +1786 delay   2550
phc2sys[4943064.257]: enp1s0 sys offset       -50 s2 freq   +2009 delay   2559
phc2sys[4943065.258]: enp1s0 sys offset       479 s2 freq   +2523 delay   1707
phc2sys[4943066.258]: enp1s0 sys offset      -399 s2 freq   +1789 delay   2847
phc2sys[4943067.258]: enp1s0 sys offset       425 s2 freq   +2493 delay   1688
phc2sys[4943068.258]: enp1s0 sys offset        -1 s2 freq   +2195 delay   1680
phc2sys[4943069.258]: enp1s0 sys offset      -483 s2 freq   +1713 delay   2562
phc2sys[4943070.259]: enp1s0 sys offset       387 s2 freq   +2438 delay   1728
phc2sys[4943071.259]: enp1s0 sys offset        65 s2 freq   +2232 delay   1663
phc2sys[4943072.259]: enp1s0 sys offset      -524 s2 freq   +1662 delay   2843
phc2sys[4943073.259]: enp1s0 sys offset       361 s2 freq   +2390 delay   1787
phc2sys[4943074.259]: enp1s0 sys offset       113 s2 freq   +2250 delay   1717
phc2sys[4943075.259]: enp1s0 sys offset        22 s2 freq   +2193 delay   1687
phc2sys[4943076.260]: enp1s0 sys offset       -51 s2 freq   +2127 delay   1713
phc2sys[4943077.260]: enp1s0 sys offset       -79 s2 freq   +2084 delay   1616
phc2sys[4943078.260]: enp1s0 sys offset      -468 s2 freq   +1671 delay   2553
phc2sys[4943079.262]: enp1s0 sys offset       420 s2 freq   +2419 delay   1687
phc2sys[4943080.262]: enp1s0 sys offset       158 s2 freq   +2283 delay   1721
phc2sys[4943081.262]: enp1s0 sys offset       -40 s2 freq   +2132 delay   1652
phc2sys[4943082.262]: enp1s0 sys offset      -502 s2 freq   +1658 delay   2500
phc2sys[4943083.262]: enp1s0 sys offset       402 s2 freq   +2411 delay   1713
phc2sys[4943084.262]: enp1s0 sys offset       159 s2 freq   +2289 delay   1743
phc2sys[4943085.263]: enp1s0 sys offset      -532 s2 freq   +1646 delay   2847
phc2sys[4943086.263]: enp1s0 sys offset       465 s2 freq   +2483 delay   1647
phc2sys[4943087.263]: enp1s0 sys offset      -339 s2 freq   +1819 delay   2543
phc2sys[4943088.263]: enp1s0 sys offset       383 s2 freq   +2439 delay   1733
phc2sys[4943089.263]: enp1s0 sys offset        83 s2 freq   +2254 delay   1721
phc2sys[4943090.264]: enp1s0 sys offset      -505 s2 freq   +1691 delay   2832
phc2sys[4943091.264]: enp1s0 sys offset       426 s2 freq   +2470 delay   1731
phc2sys[4943092.264]: enp1s0 sys offset        50 s2 freq   +2222 delay   1717
phc2sys[4943093.264]: enp1s0 sys offset      -453 s2 freq   +1734 delay   2559
phc2sys[4943094.264]: enp1s0 sys offset       378 s2 freq   +2429 delay   1682
phc2sys[4943095.265]: enp1s0 sys offset        48 s2 freq   +2212 delay   1735
phc2sys[4943096.265]: enp1s0 sys offset        14 s2 freq   +2193 delay   1686
phc2sys[4943097.265]: enp1s0 sys offset      -504 s2 freq   +1679 delay   2549
phc2sys[4943098.265]: enp1s0 sys offset       390 s2 freq   +2422 delay   1720
phc2sys[4943099.265]: enp1s0 sys offset       105 s2 freq   +2254 delay   1720
phc2sys[4943100.266]: enp1s0 sys offset         7 s2 freq   +2187 delay   1755
phc2sys[4943101.266]: enp1s0 sys offset      -105 s2 freq   +2077 delay   1711
phc2sys[4943102.266]: enp1s0 sys offset         5 s2 freq   +2156 delay   1705
phc2sys[4943103.266]: enp1s0 sys offset       -86 s2 freq   +2066 delay   1686
phc2sys[4943104.266]: enp1s0 sys offset         0 s2 freq   +2127 delay   1718
phc2sys[4943105.267]: enp1s0 sys offset      -431 s2 freq   +1696 delay   2833
phc2sys[4943106.267]: enp1s0 sys offset        41 s2 freq   +2038 delay   2555
phc2sys[4943107.267]: enp1s0 sys offset       583 s2 freq   +2593 delay   1655
phc2sys[4943108.267]: enp1s0 sys offset       132 s2 freq   +2317 delay   1711
phc2sys[4943109.267]: enp1s0 sys offset       -87 s2 freq   +2137 delay   1809
phc2sys[4943110.267]: enp1s0 sys offset       -81 s2 freq   +2117 delay   1718
phc2sys[4943111.268]: enp1s0 sys offset      -515 s2 freq   +1659 delay   2870
phc2sys[4943112.268]: enp1s0 sys offset       -13 s2 freq   +2006 delay   2495
phc2sys[4943113.268]: enp1s0 sys offset       139 s2 freq   +2154 delay   2537
phc2sys[4943114.268]: enp1s0 sys offset        79 s2 freq   +2136 delay   2820
phc2sys[4943115.268]: enp1s0 sys offset       503 s2 freq   +2584 delay   1865
phc2sys[4943116.269]: enp1s0 sys offset      -296 s2 freq   +1936 delay   2560
phc2sys[4943117.269]: enp1s0 sys offset       377 s2 freq   +2520 delay   1746
phc2sys[4943118.269]: enp1s0 sys offset       -19 s2 freq   +2237 delay   1704
phc2sys[4943119.269]: enp1s0 sys offset      -144 s2 freq   +2106 delay   1748
phc2sys[4943120.269]: enp1s0 sys offset       -49 s2 freq   +2158 delay   1681
phc2sys[4943121.269]: enp1s0 sys offset      -535 s2 freq   +1657 delay   2507
phc2sys[4943122.270]: enp1s0 sys offset       -32 s2 freq   +2000 delay   2507
phc2sys[4943123.270]: enp1s0 sys offset        74 s2 freq   +2096 delay   2885
phc2sys[4943124.270]: enp1s0 sys offset        94 s2 freq   +2138 delay   2898
phc2sys[4943125.270]: enp1s0 sys offset       660 s2 freq   +2733 delay   1670
phc2sys[4943126.270]: enp1s0 sys offset        78 s2 freq   +2349 delay   1693
phc2sys[4943127.271]: enp1s0 sys offset      -601 s2 freq   +1693 delay   2528
phc2sys[4943128.271]: enp1s0 sys offset      -122 s2 freq   +1992 delay   2541
phc2sys[4943129.271]: enp1s0 sys offset       -32 s2 freq   +2045 delay   2894
phc2sys[4943130.271]: enp1s0 sys offset       600 s2 freq   +2668 delay   1693
phc2sys[4943131.271]: enp1s0 sys offset        35 s2 freq   +2283 delay   1705
phc2sys[4943132.272]: enp1s0 sys offset       -78 s2 freq   +2180 delay   1690
phc2sys[4943132.941]: enp1s0 sys offset      -140 s2 freq   +2095 delay   1753
